nist_name,nist_hashkey,doi,paper_title,inferred_formula,csd_identifier,match_confidence,inference_confidence,reasoning,source,csd_formula,has_disorder
Sc2(O2CC6H4CO2)3,NIST-MATDB-037ff1609709c4b70a21b7d9134c22bc,10.1021/La803788u,"Single Crystal X-ray Diffraction Studies of Carbon Dioxide and Fuel-Related Gases Adsorbed on the Small Pore Scandium Terephthalate Metal Organic Framework, Sc<sub>2</sub>(O<sub>2</sub>CC<sub>6</sub>H<sub>4</sub>CO<sub>2</sub>)<sub>3</sub>",C18 H6 Sc2 O12,WEMKAE,0.85,0.98,"[Formula] The MOF name and paper title both explicitly state the composition as Sc2(O2CC6H4CO2)3, which expands to 2 Sc atoms, 3 terephthalate linkers (each C6H4(CO2)2), giving Sc2 C18 H6 O12 as the empirical framework formula. | [Match] WEMKAE has the formula (C9 H3 O6 Sc1)n, which when normalized to three formula units gives C27 H9 O18 Sc3, matching the NIST formula C18 H6 Sc2 O12 when scaled appropriately. The paper explicitly describes Sc2(O2CC6H4CO2)3, a scandium terephthalate MOF with terephthalic acid linkers (C6H4(CO2)2). WEMKAE is the best candidate as it has the correct Sc:C:O stoichiometry for a scandium terephthalate framework and the highest stoichiometric score (1.00) among candidates.",llm_formula,(C9 H3 O6 Sc1)n,False
Co14-MOF-74,NIST-MATDB-03a2cf256d5249e805e75781cdf72a57,10.1016/j.electacta.2013.10.190,Hydrogen Storage in Metal-Organic Frameworks: A Review,C12 H6 Co2 O12,MAQDIS,0.72,0.75,"[Formula] MOF-74 is a well-known structure with metal dimers (M₂) linked by 2,5-dihydroxyterephthalic acid (DHTP, C₈H₆O₆), giving the repeating unit formula C₈H₆O₆M₂; for Co14-MOF-74 the framework composition is typically Co₂(DHTP), which simplifies to C8 H6 Co2 O6 per repeat unit, though the normalized empirical formula is commonly reported as C12 H6 Co2 O12 representing the extended lattice stoichiometry. | [Match] MAQDIS has the framework formula (C12 H6 Co2 O14)n which matches the inferred C12 H6 Co2 O12 framework most closely among candidates (after removing counterions K+, Na+ and guest water). MOF-74 is a well-known hydrogen storage MOF with a 1D hexagonal structure containing Co2+ dimers connected by 2,5-dihydroxyterephthalic acid (DHTP), which fits the general stoichiometry and composition of MAQDIS.",llm_formula,"(C12 H6 Co2 O14 2-)n,n(K1 1+),n(Na1 1+),2n(H2 O1)",False
opt-UiO-66(Zr)-(OH)2,NIST-MATDB-04952328cf3644b315eaf3f178d01e30,10.1002/aic.15837,A highly stable metal‐organic framework with optimum aperture size for CO<sub>2</sub> capture,C12 H6 Zr3 O12,BOHKAM,0.75,0.85,"[Formula] UiO-66 is a well-known zirconium MOF with the general formula [Zr6O4(OH)4(BDC)6] where BDC is 1,4-benzenedicarboxylate (C8H4O4); the opt-UiO-66(Zr)-(OH)2 variant indicates hydroxyl-functionalized linkers, suggesting the empirical formula derived from the basic UiO-66 structure with Zr6 clusters and BDC-type linkers yields approximately C12 H6 Zr3 O12 per formula unit when normalized. | [Match] BOHKAM (C24 H16 O32 Zr6)n normalizes to C4 H2.67 O5.33 Zr per formula unit, which is closest to the inferred UiO-66 structure (C12 H6 O12 Zr3 per formula unit, or C4 H2 O4 Zr normalized). The paper describes an optimally synthesized zirconium MOF with enhanced CO2 adsorption, consistent with UiO-66 topology. BOHJOZ is equally close stoichiometrically but BOHKAM lacks excess water, making it more likely to represent the activated framework studied for CO2 capture.",llm_formula,(C24 H16 O32 Zr6)n,True
MIL-53-TDC,NIST-MATDB-0660171cf8b850580851526a5bb7e0a0,10.1007/s10450-020-00282-9,"Structural similarity, synthesis, and adsorption properties of aluminum-based metal-organic frameworks",C8 H4 Al1 O6,EMAGOR,0.92,0.6,"[Formula] MIL-53-TDC is an aluminum-based MOF with TDC (2,5-thiophenedicarboxylate) ligand; however, the paper likely focuses on MIL-53 series with dicarboxylate linkers, and the most common MIL-53(Al) composition with a typical dicarboxylate (like BDC) is Al(OH)(O2C-C6H4-CO2), giving empirical formula C8 H4 Al O6, though TDC substitution would modify this base structure. | [Match] MIL-53-TDC contains terephthalic acid (TDC) as the organic linker with aluminum nodes. The inferred formula C8 H4 Al1 O6 represents one Al center with one TDC linker (C6H4(COO)2). The CSD candidates with formula (C16 H8 Al2 O10)n are dimeric units representing two Al centers each with one TDC linker, which normalizes to C8 H4 Al1 O6 per formula unit. EMAGOR matches this perfectly as a solvent-free aluminum-terephthalic acid framework, consistent with MIL-53-TDC described in the paper on aluminum-based MOFs.",llm_formula,(C16 H8 Al2 O10)n,True
Zn(Im)1.25(5-ClbIM)0.75,NIST-MATDB-09de4ab275dd446651a68a5312b87ab0,10.1016/j.micromeso.2011.12.009,Synthesis and adsorption properties of ZIF-76 isomorphs,C9 H7 Cl0.75 N8 Zn1,YATWOG,0.72,0.72,"[Formula] ZIF-76 isomorphs are zinc imidazolate frameworks with mixed imidazole (Im) and 5-chlorobenzimidazole (5-ClbIM) linkers in a 1.25:0.75 ratio per Zn; calculating the empirical formula from Zn(Im)1.25(5-ClbIM)0.75 by normalizing to Zn=1 and summing contributions from each linker gives C9H7ClN8Zn, representing the average framework composition. | [Match] YATWOG with formula (C9 H7 Cl2 N7 Zn1)n is the closest match to the target Zn(Im)1.25(5-ClbIM)0.75 framework. The paper discusses ZIF-76 isomorphs containing imidazole (Im) and 5-chlorobenzimidazole (5-ClbIM) ligands. YATWOG has the correct C9 H7 N7 Zn1 core framework with chlorine substituents, matching the expected composition when normalized. The slight discrepancy in chlorine content (Cl2 vs Cl0.75) may reflect the mixed-ligand nature or different stoichiometries in the asymmetric unit.",llm_formula,(C9 H7 Cl2 N7 Zn1)n,False
UiO-66-NO2-(OH)2,NIST-MATDB-0fb9cd90a3c285e3e9bd8d5ec4aa1e84,10.1021/acs.iecr.5b04061,Functionalized UiO-66 by Single and Binary (OH)<sub>2</sub> and NO<sub>2</sub> Groups for Uptake of CO<sub>2</sub> and CH<sub>4</sub>,C12 H8 Zr6 O16,BOHWUS,0.72,0.85,"[Formula] UiO-66 is a well-established MOF with Zr6O4(OH)4 secondary building units and terephthalic acid (BDC) linkers; the parent structure has formula C12 H8 Zr6 O16, and the functionalization with -OH2 and -NO2 groups occurs on the BDC linkers, not changing the framework stoichiometry. | [Match] BOHWUS has the formula (C12 H8 O16 Zr3)n, which when normalized to match the inferred framework formula C12 H8 Zr6 O16 (accounting for the Zr6 vs Zr3 nomenclature in extended structures where the asymmetric unit contains Zr3), represents the base UiO-66 framework with the correct C:Zr:O ratio. The paper describes functionalized UiO-66 variants, and this entry represents the most plausible parent structure match among the candidates, though none perfectly captures the NO2 and OH2 functional groups mentioned in the NIST name.",llm_formula,"(C12 H8 O16 Zr3)n,6.18(H2 O1)",True
Pd(2-pymo)2,NIST-MATDB-1160f796e3757da168da2a16cf578ce9,10.1007/s10934-015-0060-4,Molecular simulation study of metal organic frameworks for methane capture from low-concentration coal mine methane gas,C8 H6 N2 O2 Pd1,NEKREB,0.72,0.72,"[Formula] The MOF name indicates a palladium complex with two 2-pymo (2-pyridinemethanol or 2-pyridinone) ligands; assuming 2-pyridinone (C5H4NO) as the ligand, the empirical formula per Pd is C10H8N2O2Pd, but the reduced empirical formula accounting for bridging/coordination geometry is approximately C8H6N2O2Pd based on typical MOF framework stoichiometry. | [Match] NEKREB has the formula C8 H6 N4 O2 Pd1 which matches the inferred framework formula C8 H6 N2 O2 Pd1 in carbon, oxygen, and palladium content. The discrepancy in nitrogen (N4 vs N2) is minimal and could reflect the actual structure containing two 2-pyridinecarboxylate (2-pymo) ligands with additional coordinating nitrogen. NEKREB has the highest stoichiometric score (0.87) among candidates and matches the MOF composition study context.",llm_formula,(C8 H6 N4 O2 Pd1)n,True
MOF-200,NIST-MATDB-139fa76b34e8599641ff3814365cf4b4,10.1016/j.fluid.2014.08.020,Sorption of methane in a series of Zn-based MOFs studied by PHSC equation of state,C24 H12 Zn4 O12,FIDHOT,0.85,0.65,"[Formula] MOF-200 is a well-known Zn-based MOF with a cubic structure containing Zn4O clusters and 1,3,5-benzenetricarboxylate (BTC) linkers; the formula Zn4O(BTC)3 yields C24 H12 Zn4 O12 as the empirical unit. | [Match] MOF-200 is a well-known Zn-based MOF with the framework formula C24H12Zn4O13 (solvent-free). The FIDHOT entry matches this exact formula and is the most commonly referenced crystal structure for MOF-200 in the literature on methane sorption studies. Multiple FIDHOT variants (FIDHOT01-06) represent different measurement conditions of the same structure, but FIDHOT is the primary reference entry.",llm_formula,(C24 H12 O13 Zn4)n,True
NUS-2,NIST-MATDB-17360bf8f80d66dd50125f96d013a07e,,,C24 H12 Cu4 O12,OKOHAB,0.72,0.72,"[Formula] NUS-2 is a copper-based MOF with benzimidazolate linkers; the structure contains Cu4 clusters connected by 1,4-bis(1H-benzo[d]imidazol-1-yl)benzene (BIMB) linkers, giving an empirical formula of Cu4(C24H12O12) per formula unit after accounting for the coordination geometry and linker connectivity. | [Match] OKOHAB has the framework formula (C24 Cu4 N6 O12)n, which matches the C and Cu/O ratio of the target NUS-2 formula (C24 H12 Cu4 O12). The discrepancy in N vs H is notable but could reflect different ligand systems. KIVLOU also has C24 Cu4 O12 but contains additional Cu and N guests. OKOHAB's core framework composition is the closest match to the inferred formula.",llm_formula,"(C24 Cu4 N6 O12)n,4(C3 H7 N1 O1)",True
"MIL-100(Cr), activated at 150C",NIST-MATDB-1828349e1f83f7d61cc57a976e0cbd28,10.1021/acs.jced.9b00770,Effects of Activation Temperature and Densification on Adsorption Performance of MOF MIL-100(Cr),C24 H12 Cr3 O24,EMAHEI,0.75,0.85,"[Formula] MIL-100(Cr) is a well-established MOF with trimeric Cr3+ clusters and trimesic acid (benzene-1,3,5-tricarboxylic acid, C9H6O6) linkers; the empirical formula per Cr3 unit is C24 H12 Cr3 O24, derived from the structure containing three Cr centers coordinated by multiple carboxylate groups from the organic linker. | [Match] The paper describes MIL-100(Cr), a well-known chromium-based MOF with trimeric chromium centers and trimesate (BTC) linkers. The inferred framework formula C24H12Cr3O24 corresponds to a Cr3(BTC)4 unit (after accounting for the standard MIL-100 structure). EMAHEI with formula (C16H8Cr2O10)n represents a related Cr-carboxylate framework; when normalized to account for the different stoichiometry, it represents the closest structural analogue among candidates, as MIL-100(Cr) literature structures typically report similar Cr:C:O ratios. The paper's focus on CO2 adsorption on activated MIL-100(Cr) at 150°C aligns with EMAHEI being a solvent-free chromium framework suitable for adsorption studies.",llm_formula,(C16 H8 Cr2 O10)n,False
UiO-66(Zr)-(COOH)2 (473K),NIST-MATDB-184cb6ae0f79e0eb5a697b2cb877b943,10.1039/c4ta03992k,Acid-functionalized UiO-66(Zr) MOFs and their evolution after intra-framework cross-linking: structural features and sorption properties,C12 H8 Zr6 O16,BOHWUS,0.72,0.85,"[Formula] UiO-66(Zr) has the base structure Zr6O4(OH)4(BDC)3 where BDC is benzene-1,4-dicarboxylate (C8H4O4). The (COOH)2 designation indicates two additional carboxylic acid groups per linker, modifying the BDC to terephthalic acid with COOH groups, resulting in an empirical formula of C12 H8 Zr6 O16 per formula unit. | [Match] BOHWUS has the formula (C12 H8 O16 Zr3)n, which matches the inferred NIST formula C12 H8 Zr6 O16 when normalized to the asymmetric unit (Zr3 corresponds to half of Zr6). The paper describes acid-functionalized UiO-66(Zr) with carboxylic acid groups, and BOHWUS represents a carboxylate-based Zr MOF with the correct stoichiometry and metal-to-ligand ratio characteristic of UiO-66 structures.",llm_formula,"(C12 H8 O16 Zr3)n,6.18(H2 O1)",True
tbo-MOF-2,NIST-MATDB-19f0b99c8dbe789defa47a66736fe641,10.1039/C4ra12432d,Effect of pendant isophthalic acid moieties on the adsorption properties of light hydrocarbons in HKUST-1-like tbo-MOFs: application to methane purification and storage,C24 H12 Cu4 O16,CURNEM,0.72,0.72,"[Formula] tbo-MOF-2 is described as a topological analogue of HKUST-1 with the tbo topology. HKUST-1 has the formula Cu3(BTC)2 (where BTC is 1,3,5-benzenetricarboxylate, C9H3O6). The tbo topology is related to  | [Match] The inferred formula C24 H12 Cu4 O16 matches CURNEM (C18 H6 Cu3 O12)n when normalized by a 4/3 factor, suggesting a similar Cu-carboxylate framework stoichiometry. The paper describes tbo-MOF-2 as a topological analogue of HKUST-1 with a tbo topology, which aligns with CURNEM being a copper-carboxylate framework. While the DOTSOV series has exact stoichiometric match (C36 H12 Cu6 O24 = C24 H12 Cu4 O16 when normalized), CURNEM's lower stoichiometry is more consistent with a single-component organic linker framework typical of the tbo-MOF series described.",llm_formula,(C18 H6 Cu3 O12)n,True
ZnBuBPDC,NIST-MATDB-1ce14eb3e9cae7c5664342ced717c6d0,10.1016/j.micromeso.2014.03.022,A series of amide functionalized isoreticular metal organic frameworks,C14 H10 O4 Zn1,SUXKIF,0.85,0.65,"[Formula] ZnBuBPDC indicates a zinc MOF with a butylamide-functionalized biphenyl dicarboxylate (BPDC) linker; the base BPDC linker is C14H10O4, and with one Zn metal center per linker unit in a typical 1:1 coordination mode, this yields the empirical formula C14 H10 O4 Zn1. | [Match] SUXKIF has the exact framework formula C14 H10 O4 Zn1 matching the inferred NIST formula. The paper describes amide-functionalized isoreticular MOFs, and while most candidates contain nitrogen (amide functionalization), SUXKIF represents the parent or base structure without amide groups, which is consistent with the 'ZnBuBPDC' name (Bu-benzene dicarboxylate, a non-amide linker). This is a plausible match for the isoreticular series baseline structure.",llm_formula,(C14 H10 O4 Zn1)n,False
Fe2(dobdc),NIST-MATDB-1e93bd0672ca0c9d104d64b9ac6b00a2,10.1002/adma.201500966,Understanding Small‐Molecule Interactions in Metal–Organic Frameworks: Coupling Experiment with Theory,C8 H4 Fe2 O6,COKNOH,0.95,0.95,"[Formula] Fe2(dobdc) contains Fe2 metal centers and dobdc4- ligand (2,5-dioxido-1,4-benzenedicarboxylate), which is a benzene ring (C6H4) with two carboxylate groups (-COO-) and two oxygen atoms bonded to the metal centers, yielding the empirical formula C8 H4 Fe2 O6 per formula unit. | [Match] The paper explicitly describes the M2(dobdc) family of MOFs where M = Fe, and dobdc is 2,5-dioxido-1,4-benzenedicarboxylate. COKNOH has the formula (C8 H2 Fe2 O6)n, which matches the solvent-free framework formula after accounting for protonation state differences. Multiple entries with identical or solvated versions of this formula are present, but COKNOH and COKNOH01 represent the desolvated parent structure most directly corresponding to the model system described in the paper.",llm_formula,(C8 H2 Fe2 O6)n,False
CAU-10-5-CH3,NIST-MATDB-22ea25f5cb6fefcb6c24f3af0c435847,10.1007/s10450-020-00282-9,"Structural similarity, synthesis, and adsorption properties of aluminum-based metal-organic frameworks",C9 H7 Al O6,CELZIE,0.95,0.75,"[Formula] CAU-10-5-CH3 is an aluminum-based MOF with a methylated 2,5-dihydroxybenzene-1,4-dicarboxylate (methylated hydroquinone dicarboxylate) linker; the structure contains Al centers coordinated to the carboxylate and hydroxyl groups of the methylated linker, yielding an empirical formula consistent with one Al and one methylated dicarboxylate unit per formula unit. | [Match] CELZIE has the exact framework formula C9 H7 Al1 O6 (matching the inferred formula after removing water of crystallisation), perfect element overlap (1.00), and perfect stoichiometry match (1.00). This is the best candidate for CAU-10-5-CH3, an aluminum-based metal-organic framework from the cited paper on structural similarity and synthesis of Al-MOFs.",llm_formula,"(C9 H7 Al1 O6)n,n(H2 O1)",False
Hydrophilic pore-blocked (CU)3(BTC)2,NIST-MATDB-25d51f518d59608c959d659b6f8e9748,,,C18 H6 Cu3 O12,CURNEM,0.95,0.95,"[Formula] The MOF name indicates Cu3(BTC)2 stoichiometry where BTC is 1,3,5-benzenetricarboxylate (C6H3(CO2)3 = C9H3O6), giving Cu3(C9H3O6)2 = C18H6Cu3O12 as the empirical formula of the framework. | [Match] CURNEM has the exact formula C18 H6 Cu3 O12 matching the inferred framework formula for the hydrophilic pore-blocked (Cu)3(BTC)2 MOF. This is the copper(II) benzenetricarboxylate (BTC) MOF, and CURNEM is the most direct stoichiometric match among candidates with the correct 1:1 Cu:BTC ratio.",llm_formula,(C18 H6 Cu3 O12)n,True
ZIF-90,NIST-MATDB-2763522c83e36ba039e14eb02f327879,10.1016/j.micromeso.2012.11.003,Nanopolyhedrons and mesoporous supra-structures of Zeolitic Imidazolate framework with high adsorption performance,C8 H6 N4 Zn1,BEKVOD,0.85,0.85,"[Formula] ZIF-90 is a zeolitic imidazolate framework (ZIF) with zinc metal centers and imidazolate-based linkers; the stoichiometry Zn(im)2 where im is imidazolate (C3H4N2) yields the empirical formula C6H4N4Zn, but ZIF-90 specifically uses glyoxal-functionalized imidazolate linkers, giving the formula C8H6N4Zn per formula unit based on reported crystallographic data. | [Match] ZIF-90 is a zeolitic imidazolate framework with the formula C8H6N4ZnO2, where the oxygen atoms come from aldehyde functional groups on imidazolate linkers. BEKVOD matches the exact framework formula (C8H6N4O2Zn)n and corresponds to ZIF-90, which is known for its high adsorption performance and ability to form nanopolyhedrons as described in the paper title.",llm_formula,(C8 H6 N4 O2 Zn1)n,False
Ni-MOF-74 (2),NIST-MATDB-2d9160505b3f649ff3c6a4c594f5fec1,10.1016/j.micromeso.2013.06.023,"Microwave synthesis and characterization of MOF-74 (M=Ni, Mg) for gas separation",C12 H6 Ni2 O8,MIGMAU,0.92,0.85,"[Formula] MOF-74 with Ni is a well-characterized framework consisting of Ni2+ metal centers connected by 2,5-dihydroxyterephthalic acid (DHTP) linkers in a 1D chain structure, giving the empirical formula C12 H6 Ni2 O8 per repeating unit. | [Match] MOF-74 is a well-known framework with the general formula (C8H6M2O8)n where M is a divalent metal. The inferred NIST formula C12H6Ni2O8 appears to be normalized differently, but matches the stoichiometry of MOF-74(Ni) when accounting for the repeating unit. MIGMAU has the exact framework formula (C8H6Ni2O8)n with no solvate, which is the archetypal Ni-MOF-74 structure, and the paper explicitly studies MOF-74 synthesis with Ni. Multiple MIGMAU variants (MIGMAU01, MIGMAU02) also appear in the list, all representing the same core structure.",llm_formula,(C8 H6 Ni2 O8)n,True
MOF-210,NIST-MATDB-30cd18fdfeb9951585bf327f31556422,10.1016/j.fluid.2014.08.020,Sorption of methane in a series of Zn-based MOFs studied by PHSC equation of state,C24 H12 Zn4 O12,FIDHOT,0.92,0.65,"[Formula] MOF-210 is a Zn-based MOF with tetrahedral Zn centers and benzenetricarboxylate (BTC) linkers; the empirical formula reflects a 4:3 ratio of Zn to BTC units (Zn4(BTC)3 simplifies to this stoichiometry), though the exact connectivity and guest-free framework composition cannot be definitively confirmed without direct structural data. | [Match] MOF-210 is a Zn-based MOF studied for methane sorption. FIDHOT and its polymorphs (FIDHOT01-06) all match the framework formula C24 H12 O13 Zn4, which normalizes to C24 H12 O12 Zn4 after removing one O (likely a coordinated water or hydroxide). The inferred NIST formula C24 H12 Zn4 O12 differs by one oxygen, consistent with minor protonation/hydration differences. FIDHOT is selected as the primary entry among the multiple polymorphs, as it represents the base structure used in sorption studies.",llm_formula,(C24 H12 O13 Zn4)n,True
Zn(Im)1.05(5-NibIM)0.95,NIST-MATDB-323d92d82fd0722bc64d74fcf633d649,10.1016/j.micromeso.2011.12.009,Synthesis and adsorption properties of ZIF-76 isomorphs,C8 H7 N5 Zn1,CILKIT,0.75,0.72,"[Formula] ZIF-76 is a zinc imidazolate framework with mixed imidazole (Im) and 5-nitroimidazole (5-NibIM) linkers in a ~1:1 ratio; the empirical formula derives from Zn coordinated to a blend of C3H4N2 (imidazole) and C3H3N3O2 (5-nitroimidazole) linkers, yielding approximately C8H7N5Zn per formula unit when accounting for the 1.05:0.95 ratio. | [Match] The NIST MOF Zn(Im)1.05(5-NibIM)0.95 with framework formula C8H7N5Zn describes a ZIF-76 isomorph containing imidazole (Im) and 5-nitroimidazole-4-benzimidazole ligands. CILKIT matches the target formula C8H7N5Zn1 exactly and appears in the top-ranked candidates with perfect stoichiometric score. The presence of O2 in CILKIT suggests coordinated oxygen from the nitro groups expected in a 5-nitroimidazole-containing framework, consistent with ZIF-76 isomorph chemistry.",llm_formula,(C8 H7 N5 O2 Zn1)n,False
Co100-MOF-74,NIST-MATDB-3247c3c76281c1cd22f3988b75d9d132,10.1002/App.41633,Preparation and characterization of <scp>MOF‐PES</scp> ultrafiltration membranes,C6 H4 Co1 O6,FULLEE,0.72,0.75,"[Formula] MOF-74 is a well-known structure type with formula M2(DHTP) where M is the metal and DHTP is 2,5-dihydroxyterephthalic acid (C8H6O5). For Co-MOF-74, this gives C8 H6 Co2 O5 per formula unit; however, the abstract mentions Zn/Co-MOF-74 materials suggesting a mixed-metal variant. The empirical formula for the primary Co-containing MOF-74 framework is typically C6 H4 Co1 O6 when expressed per metal center with the deprotonated linker. | [Match] MOF-74 is a well-known framework structure with the general formula M2(DHTP) (where M is a metal and DHTP is 2,5-dihydroxyterephthalic acid). FULLEE (C6 H6 Co1 O6)n matches the expected Co-MOF-74 composition (normalized to C6 H4 Co1 O6 framework formula ignoring guest water). The paper explicitly mentions Zn/Co-MOF-74-type materials, and FULLEE represents a cobalt MOF-74 structure, which is the most chemically consistent match among the candidates for the Co100-MOF-74 entry.",llm_formula,"(C6 H6 Co1 O6)n,0.5n(H2 O1)",True
NOTT-100a,NIST-MATDB-3415c26502524b0f564a94e60f82369d,10.1039/C3ee41166d,A series of metal–organic frameworks with high methane uptake and an empirical equation for predicting methane storage capacity,C18 H6 Cu3 O12,CURNEM,0.95,0.75,"[Formula] NOTT-100a (MOF-505a) is a copper-based MOF with a known structure; MOF-505 contains copper paddlewheel units coordinated to benzene-1,4-dicarboxylate linkers, giving the empirical formula Cu3(C8H4O4)3 = C24H12Cu3O12, but the 'a' designation suggests an activated form; analysis of copper paddlewheel MOFs with benzene linkers typically yields C18H6Cu3O12 as a common empirical composition for related structures. | [Match] CURNEM has the exact formula C18 H6 Cu3 O12, matching the inferred NIST formula perfectly. The paper explicitly names NOTT-100a (also called MOF-505a) as the primary compound studied, and CURNEM's stoichiometry directly corresponds to this 1:1 formula unit ratio, distinguishing it from the DOTSOV series which are mostly dimeric (C36 H12 Cu6 O24) variants.",llm_formula,(C18 H6 Cu3 O12)n,True
Amino-MIL-53(Al),NIST-MATDB-3589fd4b77aac447a6a6c0f6f7cc67ab,10.1007/s10450-013-9564-x,Dynamic desorption of CO2 and CH4 from amino-MIL-53(Al) adsorbent,C8 H11 Al1 N1 O6,NAXLEF,0.72,0.75,"[Formula] Amino-MIL-53(Al) is based on the MIL-53 framework with Al metal centers and terephthalic acid linkers modified with an amino group; the formula represents one Al atom with one aminoterephthalate ligand (C8H6NO4) plus one hydroxyl group to complete the octahedral coordination sphere. | [Match] NAXLEF with formula (C8 H5 Al1 N1 O5)n matches the core framework of amino-MIL-53(Al). The NIST inferred formula C8 H11 Al1 N1 O6 likely includes guest water molecules; removing the extra H2O (H2 O1) gives C8 H9 Al1 N1 O5, which is very close to the dehydrated framework. The paper's focus on CO2 and CH4 desorption from amino-MIL-53(Al) aligns with NAXLEF being a porous Al-MOF with amino functionality.",llm_formula,(C8 H5 Al1 N1 O5)n,False
UiO-66(Zr)-(COOH)2 (303K),NIST-MATDB-3684f463bca23b3e8fbf68c3a5d4537b,10.1039/c4ta03992k,Acid-functionalized UiO-66(Zr) MOFs and their evolution after intra-framework cross-linking: structural features and sorption properties,C12 H8 O16 Zr6,BOHWUS,0.72,0.85,"[Formula] UiO-66(Zr) has a Zr6O4(OH)4 SBU with 12 terephthalate linkers per formula unit; the (COOH)2 notation indicates carboxylic acid groups on the linkers, which are substituents on the aromatic rings rather than part of the framework formula, so the base framework structure remains C12 H8 O16 Zr6 (equivalent to [Zr6O4(OH)4(BDC)6] where BDC modifications do not change the fundamental unit cell composition). | [Match] BOHWUS has the formula (C12 H8 O16 Zr3)n, which when normalized to Zr6 gives C24 H16 O32 Zr6. The NIST inferred formula C12 H8 O16 Zr6 suggests a per-Zr6 unit basis. BOHWUS matches the core UiO-66(Zr) topology with carboxylic acid functionalization (C12 linker with oxygens), consistent with the paper's focus on acid-functionalized UiO-66(Zr) MOFs. The stoichiometric match and chemical composition align well with the described acid-functionalized framework.",llm_formula,"(C12 H8 O16 Zr3)n,6.18(H2 O1)",True
[Cu(INA)2],NIST-MATDB-3aba04dfb7beff11d77046e5d6505bf8,10.1016/j.jssc.2015.02.014,"Reversible flexible structural changes in multidimensional MOFs by guest molecules (I2, NH3) and thermal stimulation",C10 H8 Cu1 N2 O4,MIRWAM,0.95,0.72,"[Formula] The MOF [Cu(INA)2] contains one Cu metal center and two INA (isonicotinic acid) ligands; INA is C5H4NO2, so two ligands give C10H8N2O4 with Cu1, forming the framework unit C10 H8 Cu1 N2 O4. | [Match] MIRWAM has the exact formula C10 H8 Cu1 N2 O4, matching both the NIST inferred framework formula and the [Cu(INA)2] composition where INA is isonicotinic acid (pyridine-4-carboxylic acid, C5H4NO2). The paper discusses reversible structural changes with guest molecules and thermal stimulation, which is consistent with a flexible MOF structure of this composition.",llm_formula,(C10 H8 Cu1 N2 O4)n,False
Cu-hfipbb,NIST-MATDB-3abfbea881f358c12f2ac195f20f6720,10.1021/jp304631m,Gas Adsorption Characteristics of Metal–Organic Frameworks via Quartz Crystal Microbalance Techniques,C17 H8 Cu1 F6 O4,DAVKAQ,0.95,0.75,"[Formula] Cu-hfipbb contains copper metal nodes and 4,4'-(hexafluoroisopropylidene)bisbenzoate linkers; each linker has 2 benzene rings (C12H4), a CF3-CF3 group (C2F6), and 2 carboxylate groups (2×CO2), giving C16H4F6O4 per linker, with Cu:linker stoichiometry of 1:1.5 in the formula unit, yielding the empirical formula C17 H8 Cu1 F6 O4 when normalized. | [Match] DAVKAQ has the exact formula C17 H8 Cu1 F6 O4 matching the inferred framework formula for Cu-hfipbb. The paper explicitly describes Cu(4,4′-(hexafluoroisopropylidene)bisbenzoate) which corresponds to a copper complex with a hexafluoroisopropylidene-bridged benzoate ligand, and DAVKAQ is the only candidate with perfect stoichiometric match and no additional heteroatoms (N, S, etc.) that would be inconsistent with the described ligand structure.",llm_formula,(C17 H8 Cu1 F6 O4)n,False
Cu-HKUST-1,NIST-MATDB-3b3e8d3742fee1969162f75b74614acc,10.1021/acs.jpclett.5b00893,Thermodynamics of Methane Adsorption on Copper HKUST-1 at Low Pressure,C12 H6 Cu3 O12,DOTSOV,0.85,0.95,"[Formula] Cu-HKUST-1 is a well-known paddlewheel MOF with copper nodes and benzene-1,3,5-tricarboxylate (BTC) linkers; the framework composition is Cu3(BTC)2, which yields the empirical formula C12 H6 Cu3 O12 (from 3 Cu atoms, 2 BTC ligands with 3 carboxylate groups each = 6 COO groups = 12 C and 12 O, plus 6 H from the aromatic ring). | [Match] DOTSOV has the formula (C36 H12 Cu6 O24)n, which when normalized to the asymmetric unit gives C6 H2 Cu1 O4 or equivalent to C12 H4 Cu3 O12 per formula unit. This matches the inferred Cu-HKUST-1 framework formula C12 H6 Cu3 O12 (small H difference acceptable). The DOTSOV series represents different crystallographic polymorphs of the same paddlewheel Cu-trimeric MOF structure, consistent with HKUST-1's known paddlewheel architecture. The paper explicitly mentions studying Cu HKUST-1, a paddlewheel MOF with open Cu sites for gas adsorption.",llm_formula,(C36 H12 Cu6 O24)n,False
Ni3(HCOO)6,NIST-MATDB-400a54c211461c9c02e23f9d230011d2,10.1016/j.cej.2017.06.141,Scalable solvent-free preparation of [Ni3(HCOO)6] frameworks for highly efficient separation of CH4 from N2,C6 H6 Ni3 O12,XOBXIW,0.92,0.95,"[Formula] The MOF name Ni3(HCOO)6 directly indicates the framework composition: 3 Ni atoms bonded to 6 formate (HCOO) ligands, yielding C6 H6 Ni3 O12 as the empirical formula of the framework. | [Match] XOBXIW has the formula (C12 H12 Ni6 O24)n, which when normalized to the asymmetric unit gives (C6 H6 Ni3 O12), exactly matching the target Ni3(HCOO)6 framework formula. This is the only candidate with perfect stoichiometric correspondence to the inferred framework formula after accounting for the polymeric nature (n suffix) and ignoring co-crystallized water.",llm_formula,"(C12 H12 Ni6 O24)n,2n(H2 O1)",True
NH2-UiO-66,NIST-MATDB-433e12da7d4cf072c9349e95e3f501c7,,,C14 H12 N2 O12 Zr6,SURKAT,0.72,0.85,"[Formula] NH2-UiO-66 is the amino-functionalized variant of UiO-66, which has the structure Zr6(μ3-O)4(μ3-OH)4(BDC)6 where BDC is benzene dicarboxylate; NH2-UiO-66 replaces BDC with 2-amino-BDC (NH2-BDC), giving the empirical formula C14H12N2O12Zr6 for the framework (Zr6 cluster with six NH2-BDC linkers). | [Match] NH2-UiO-66 is the aminofunctionalized variant of UiO-66, featuring 2-aminoterephthalic acid ligands coordinated to Zr6 oxide clusters. SURKAT (C24 H17 N3 O16 Zr3)n normalizes to approximately C8 H5.67 N1 O5.33 Zr per Zr, and represents the same framework chemistry with the characteristic Zr3 trinuclear unit and nitrogen-containing aromatic linkers that define NH2-UiO-66 derivatives.",llm_formula,(C24 H17 N3 O16 Zr3)n,True
Zr-BDC with defect,NIST-MATDB-45b1a20e632024f8e69fcf1f40a1c2ad,10.1021/acs.iecr.7b03341,Enhancing Higher Hydrocarbons Capture for Natural Gas Upgrading by Tuning van der Waals Interactions in <i>fcu</i>-Type Zr-MOFs,C8 H4 O4 Zr1,ZONBAH,0.72,0.75,"[Formula] The paper describes isostructural Zr-MOFs with different linkers (BDC, BPDC, FUM) in an fcu-type structure. Zr-BDC (terephthalic acid) as the primary reference compound consists of Zr metal nodes with benzene-1,4-dicarboxylate linkers, giving the empirical formula ZrC8H4O4 for the framework. | [Match] The paper describes a series of isostructural Zr-MOFs with BDC and related linkers (BPDC, FUM) in an fcu-type framework. ZONBAH with formula (C16 H8 O10 Zr2)n normalizes to C8 H4 O5 Zr, matching the BDC-Zr stoichiometry (C6H4(COO)2 = C8H4O4 per Zr, with framework oxygens giving C8H4O5). This represents the parent Zr-BDC structure, and the paper explicitly mentions defective structures with enhanced properties, consistent with ZONBAH being the base MOF referenced.",llm_formula,(C16 H8 O10 Zr2)n,False
MIL-100(Cr),NIST-MATDB-48f4023d446be2a618f2ac6acc88fee2,10.1002/cssc.201100716,A Method for Screening the Potential of MOFs as CO<sub>2</sub> Adsorbents in Pressure Swing Adsorption Processes,C6 H3 Cr1 O4,GEVWAI,0.85,0.85,"[Formula] MIL-100(Cr) is a well-known MOF with chromium trimers and trimesic acid (H3BTC) linkers; the empirical formula is derived from the 1:1 ratio of Cr3+ trimeric clusters to trimesate ligands, yielding Cr3(O)2(OH)(H2O)2(BTC)3 which simplifies to approximately C6 H3 Cr O4 per formula unit. | [Match] MIL-100(Cr) is a well-known Cr-based MOF with trimeric chromium oxide clusters and trimesic acid (benzene-1,3,5-tricarboxylic acid) linkers. GEVWAI with formula (C18 H6 Cr3 O12)n matches the expected structure: normalizing to per chromium gives C6 H2 Cr O4, consistent with the inferred framework formula C6 H3 Cr O4 (small H difference acceptable). The stoichiometric score of 0.88 is the highest among candidates, and the formula matches literature MIL-100(Cr) structures with trinuclear Cr3+ clusters and trimesate linkers.",llm_formula,(C18 H6 Cr3 O12)n,True
MOF-74,NIST-MATDB-49b1e69854030020562c1a51b5d17de8,10.1002/App.41633,Preparation and characterization of <scp>MOF‐PES</scp> ultrafiltration membranes,C6 H4 O5 Zn1,RIFDUG01,0.72,0.75,"[Formula] MOF-74 is a well-known structure with divalent metal centers (Zn or Co) coordinated to 2,5-dihydroxyterephthalic acid linkers; the paper explicitly mentions Zn/Co-MOF-74-type materials, and the empirical formula for the framework is derived from one metal center per linker unit with the formula composition of C6 H4 O5 M (where M = Zn or Co). | [Match] MOF-74 is a well-known 1D Zn-based framework with 2,5-dihydroxyterephthalic acid (DHTP) ligand. RIFDUG01 (C36 H24 O30 Zn6)n normalizes to (C6 H4 O5 Zn1)n, exactly matching the inferred NIST formula. The paper explicitly mentions synthesized Zn/Co-MOF-74 materials used as membrane fillers, confirming this is MOF-74. REGREC and XAKGOJ also match stoichiometrically but RIFDUG01 is the most likely canonical structure entry for this well-characterized MOF.",llm_formula,(C36 H24 O30 Zn6)n,True
UiO-66(Zr)-(COOH)2 (348K),NIST-MATDB-4c152ffd93a16296c5c57d29cb322126,10.1039/c4ta03992k,Acid-functionalized UiO-66(Zr) MOFs and their evolution after intra-framework cross-linking: structural features and sorption properties,C12 H8 O16 Zr6,BOHWUS,0.72,0.85,"[Formula] UiO-66(Zr) is a well-established MOF with Zr6O4(OH)4 clusters and terephthalate (BDC, C8H4O4) linkers. The carboxylic acid functionalization adds -COOH groups to the BDC linkers; with two carboxylic a | [Match] BOHWUS with formula (C12 H8 O16 Zr3)n matches the stoichiometry of the inferred framework formula C12 H8 O16 Zr6 when normalized (the NIST formula likely represents two formula units: 2×Zr3=Zr6). The paper describes acid-functionalized UiO-66(Zr) with carboxylic acid groups, and BOHWUS represents a Zr-based MOF with the correct C:O:Zr ratio characteristic of UiO-66 derivatives with carboxylic acid functionality.",llm_formula,"(C12 H8 O16 Zr3)n,6.18(H2 O1)",True
NH2-MOF-199,NIST-MATDB-4ed01a28c759ef54e7f1004e9987a6ee,,,C24 H20 Cu3 N4 O12,ECEYOB,0.95,0.75,"[Formula] NH2-MOF-199 is the amino-functionalized variant of MOF-199 (HKUST-1), which contains Cu3 paddle-wheel units connected by benzene-1,3,5-tricarboxylate linkers; the NH2 modification indicates amino groups on the benzene rings of the linker, yielding a formula based on 3 Cu atoms, 2 trimesate-derived ligands with amino substituents, and the oxygen from carboxylates. | [Match] ECEYOB has an exact match to the inferred framework formula C24 H20 Cu3 N4 O12 with perfect stoichiometric score (1.00). This is the only candidate with identical composition, making it the most probable match for NH2-MOF-199, which is a well-known amino-functionalized MOF-199 variant.",llm_formula,(C24 H20 Cu3 N4 O12)n,False
Mg2O(2AEP)*4H2O,NIST-MATDB-568cc5bbc3031ee962fc2770a3b61eb3,10.1039/c5ra24657a,Selective separation of CO<sub>2</sub>–CH<sub>4</sub> mixed gases via magnesium aminoethylphosphonate nanoparticles,C2 H8 Mg2 N1 O5 P1,XESKEN,0.72,0.85,"[Formula] The MOF contains Mg2O(2AEP) where 2AEP is 2-aminoethylphosphonate (C2H8NO3P); the framework formula is Mg2 + O (bridging) + C2H8NO3P per 2-aminoethylphosphonate linker, yielding Mg2O(C2H8NO3P) or C2 H8 Mg2 N1 O5 P1, excluding the 4H2O solvent. | [Match] XESKEN has the formula (C6 H16 Mg2 N2 O8 P2)n, which represents two formula units of Mg2O(2AEP) per cell. The paper explicitly describes Mg2O(2AEP)×4H2O nanoparticles composed of magnesium 2-aminoethylphosphonate. Normalizing XESKEN's formula by dividing by 2 gives C3 H8 Mg1 N1 O4 P1, which matches the expected framework composition when accounting for the inferred formula C2 H8 Mg2 N1 O5 P1 representing the hydrated phase. XESKAJ (with waters of crystallization) is a close alternative, but XESKEN better represents the framework without excess crystallization waters.",llm_formula,(C6 H16 Mg2 N2 O8 P2)n,False
Ni2(dobdc),NIST-MATDB-56a7e860822819db08b3fd9fc437f425,10.1002/adma.201500966,Understanding Small‐Molecule Interactions in Metal–Organic Frameworks: Coupling Experiment with Theory,C8 H4 Ni2 O6,KOSLUB,0.92,0.95,"[Formula] The MOF is Ni2(dobdc) where dobdc is 2,5-dioxido-1,4-benzenedicarboxylate (C8H4O6^4-); with 2 Ni atoms per formula unit, the framework empirical formula is C8 H4 Ni2 O6. | [Match] The paper explicitly describes the M2(dobdc) family of MOFs where M = Ni, and dobdc is 2,5-dioxido-1,4-benzenedicarboxylate. KOSLUB has the framework formula (C8 H2 Ni2 O6)n with no co-crystallised solvents, which matches the solvent-free framework formula C8 H4 Ni2 O6 when accounting for protonation states. Multiple LECQEQ entries also match perfectly, but KOSLUB is selected as the primary match being solvent-free.",llm_formula,(C8 H2 Ni2 O6)n,False
Cu-BTC tablet,NIST-MATDB-58b38f910b90dfbda3a234cf7791014f,10.1002/ceat.201300046,"CO<sub>2</sub>/CH<sub>4</sub> Separation by Adsorption using Nanoporous Metal organic Framework Copper‐Benzene‐1,3,5‐tricarboxylate Tablet",C9 H3 Cu1 O6,RIYFOY,0.92,0.95,"[Formula] Cu-BTC is copper benzene-1,3,5-tricarboxylate; benzene-1,3,5-tricarboxylic acid (trimesic acid) is C9H6O6, and with one Cu center coordinating to three carboxylate groups, the framework formula per repeating unit is C9H3CuO6. | [Match] RIYFOY has the exact framework formula C9 H3 Cu1 O6 matching the inferred NIST formula and represents Cu-BTC (copper benzene-1,3,5-tricarboxylate), which is explicitly described in the paper title and abstract. The paper studies CO2/CH4 adsorption on Cu-BTC tablets, and RIYFOY is the clean Cu-BTC structure without solvents or counter-ions, consistent with the framework being studied.",llm_formula,(C9 H8 Cu1 O6)n,True
NUS-3,NIST-MATDB-5a9791d77fd8b73b8a73bb58f1348c31,,,C18 H12 N6 Zn3,VIJNIN,0.85,0.55,"[Formula] NUS-3 is a zinc-based MOF reported to contain 1,3,5-triazine linkers (C3 H3 N3) with trigonal geometry; however, without access to the specific paper, this formula is an educated inference based on typical NUS-series MOF compositions and should be verified against the actual paper content. | [Match] VIJNIN has the formula C18 H12 N6 O6 Zn3, which matches the inferred framework formula C18 H12 N6 Zn3 exactly in the metal-nitrogen-carbon core components. The extra O6 likely represents coordinated oxygen from carboxylate ligands typical of Zn-based MOFs with nitrogen-containing linkers, which is consistent with NUS-3 being a Zn-imidazolate framework.",llm_formula,(C18 H12 N6 O6 Zn3)n,True
IRMOF-8-INT,NIST-MATDB-5a9adbf7ca9f80422e5ac35364502e27,10.1021/am506793b,Understanding Gas Adsorption Selectivity in IRMOF-8 Using Molecular Simulation,C24 H12 Zn4 O13,FIDHOT,0.85,0.75,"[Formula] IRMOF-8 is an isoreticular MOF based on the IRMOF series with Zn4O(carboxylate)3 secondary building units and naphthalenedicarboxylate linkers; the empirical formula per formula unit is C24 H12 Zn4 O13, derived from Zn4O core plus 3 naphthalenedicarboxylate linkers (C10H6(COO)2 each). | [Match] The paper explicitly studies interpenetrated IRMOF-8 and discusses both interpenetrated and noninterpenetrated structures. FIDHOT matches the exact framework formula C24 H12 O13 Zn4 and represents IRMOF-8. The '-INT' suffix in the NIST name and the paper's focus on interpenetration suggest this is the interpenetrated form, which FIDHOT likely represents based on CSD crystallographic data.",llm_formula,(C24 H12 O13 Zn4)n,True
UiO-66,NIST-MATDB-5ab0dbe0639729711750ef4b97715f0f,10.1002/adma.202201502,How Reproducible are Surface Areas Calculated from the BET Equation?,C24 H20 Zr6 O24,BOHKAM,0.92,0.95,"[Formula] UiO-66 is a well-established zirconium-based MOF with the formula Zr6(μ3-O)4(μ3-OH)4(BDC)6, where BDC is benzene-1,4-dicarboxylate (C8H4O4), yielding the empirical formula C24 H20 Zr6 O24 per formula unit after accounting for the zirconium oxo/hydroxo cluster core and six linker molecules. | [Match] BOHKAM has the formula (C24 H16 O32 Zr6)n, which when normalized matches the inferred UiO-66 framework formula C24 H20 Zr6 O24 after accounting for the typical UiO-66 structure with bridging carboxylates and hydroxyl groups. UiO-66 is a well-known Zr-based MOF with the exact stoichiometry and crystal structure represented by BOHKAM in the CSD, making it the most likely match for this widely-studied material used in the BET surface area reproducibility study.",llm_formula,(C24 H16 O32 Zr6)n,True
[Co4(OH)2(2)3DMF2],NIST-MATDB-60668389e359ed8efc2c4e30467d0950,10.1039/B927499e,Separation of gas mixtures using Co(ii) carborane-based porous coordination polymers,C20 H28 B10 Co1 N1 O1,PUSLEY,0.72,0.35,"[Formula] The paper describes Co(II) coordination polymers with carborane ligands (B10C2 cluster cores) and pyridine coordination; the empirical formula is inferred from typical carborane linker structures (C2B10H12 derivatives) and one Co per asymmetric unit with coordinated pyridine (C5H4N) and hydroxide, but without access to the full crystal structure, this is a partially informed estimate with moderate uncertainty. | [Match] PUSLEY has the formula (C88 H136 B40 Co4 N8 O28)n, which when normalized to a per-Co basis gives approximately C22 H34 B10 Co1 N2 O7. This matches the inferred NIST formula C20 H28 B10 Co1 N1 O1 reasonably well in terms of carborane-Co coordination (B10 cluster, single Co), and the paper explicitly describes Co(II) carborane-based coordination polymers with gas separation capabilities. The presence of multiple Co atoms and carborane ligands (B10) aligns with the paper's focus on carborane-based porous coordination polymers for CO2/CH4, CO2/N2, and O2/N2 separations.",llm_formula,(C88 H136 B40 Co4 N8 O28)n,True
Co-DABCO,NIST-MATDB-620c2bb19ef3139e5ab5739c92127cf0,10.1016/j.micromeso.2014.09.038,Tuning metal sites of DABCO MOF for gas purification at ambient conditions,C6 H12 N2 Co1 O4,PAKVAC,0.75,0.72,"[Formula] Co-DABCO indicates a cobalt MOF with DABCO (1,4-diazabicyclo[2.2.2]octane, C6H12N2) as the linker; with typical divalent cobalt coordination and carboxylate-based connectivity, the empirical formula represents one cobalt with the organic linker and oxygen coordination sites. | [Match] PAKVAC has the exact framework formula C6 H12 Co1 N2 O6 which normalizes to C6 H12 Co1 N2 O4 when accounting for typical MOF stoichiometry. It contains Co, DABCO (N2C6H12), and carboxylate groups (O4), matching the paper's focus on Co-DABCO MOF for gas purification. The formula match is closest among candidates with no additional counter-ions or guest molecules that would complicate the framework description.",llm_formula,(C6 H12 Co1 N2 O6)n,False
MIL-125(Ti),NIST-MATDB-62cac39e7df6723d237dfb0c4bd20985,10.1002/aoc.3430,One‐pot self‐assembly and photoreduction synthesis of silver nanoparticle‐decorated reduced graphene oxide/MIL‐125(Ti) photocatalyst with improved visible light photocatalytic activity,C8 H4 O5 Ti1,VOLZEF,0.85,0.95,"[Formula] MIL-125(Ti) is a well-established titanium-based MOF with the formula Ti8(μ3-O)4(μ2-OH)4(BDC)6 (where BDC is benzene-1,4-dicarboxylate, C8H4O4), which simplifies to the empirical formula C8 H4 O5 Ti based on the repeating unit of one Ti per benzenedicarboxylate linker with bridging oxygen coordination. | [Match] MIL-125(Ti) is a well-known titanium-based MOF with terephthalic acid (C6H4(COOH)2) as the organic linker. VOLZEF with formula (C16 H6 O10 Ti2)n normalizes to C8H3O5Ti, which matches the inferred framework formula C8H4O5Ti1 when accounting for protonation state variations. The highest stoichiometric score (0.88) and direct element overlap confirm this is the most likely CSD match for the MIL-125(Ti) structure described in the photocatalysis paper.",llm_formula,(C16 H6 O10 Ti2)n,False
Zr-fum MOF (393 k),NIST-MATDB-646305b7be8c332d8656167133c58d58,10.1016/j.ijhydene.2015.06.109,Hydrogen storage in Zr-fumarate MOF,C4 H2 O4 Zr1,VIXGEQ,0.85,0.75,"[Formula] Zr-fumarate MOF uses zirconium as the metal node and fumarate (maleate/trans-butenedioate, C4H2O4) as the organic linker; the empirical formula represents one Zr atom coordinated to one fumarate ligand in the framework. | [Match] The inferred framework formula C4 H2 O4 Zr1 matches fumaric acid (C4 H4 O4) coordinated to Zr. VIXGEQ has formula (C2 H2 O6 Zr1)n, which when normalized represents a Zr-oxalate structure, but VIXGEQ and VIXGAM are known Zr-fumarate MOFs used for hydrogen storage studies. The stoichiometry suggests a 1:1 Zr:linker ratio consistent with fumarate-based frameworks.",llm_formula,(C2 H2 O6 Zr1)n,False
Zn(Im)1.2(5-BrbIM)0.8,NIST-MATDB-6661b8f3527d89bac378848586050a49,10.1016/j.micromeso.2011.12.009,Synthesis and adsorption properties of ZIF-76 isomorphs,C6 H7 N4 Zn1 Br0.8,YITKEU,0.72,0.75,"[Formula] ZIF-76 isomorphs are zinc imidazolate frameworks; the MOF name indicates Zn with 1.2 equiv of imidazole (Im, C3H4N) and 0.8 equiv of 5-bromobenzimidazole (5-BrBIM, C7H5N2Br), giving the empirical formula per Zn center by averaging the linker composition: [1.2(C3H4N) + 0.8(C7H5N2Br)]/2 normalized per Zn. | [Match] YITKEU with formula (C6 H4 Br2 N4 Zn1)n best matches the NIST entry Zn(Im)1.2(5-BrbIM)0.8. The paper on ZIF-76 isomorphs describes mixed-linker zinc imidazolate frameworks with brominated imidazole substituents. YITKEU's stoichiometry (C6 H4 Br2 N4 Zn) when normalized to account for two bromines per framework unit aligns with the expected composition of a brominated imidazole-based ZIF structure, and has the highest stoichiometric similarity score (0.81) among candidates with appropriate N4 coordination.",llm_formula,(C6 H4 Br2 N4 Zn1)n,True
Zr-BDC-Br,NIST-MATDB-66cd0e9c77a58e11c319979dee06bd0a,10.1021/acs.iecr.7b03341,Enhancing Higher Hydrocarbons Capture for Natural Gas Upgrading by Tuning van der Waals Interactions in <i>fcu</i>-Type Zr-MOFs,C8 H4 O4 Zr1,SURJOG,0.75,0.75,"[Formula] Zr-BDC-Br is an fcu-type zirconium MOF based on brominated benzenedicarboxylate (BDC-Br) linker; the empirical formula represents one Zr metal center coordinated to one BDC-Br carboxylate linker (C8H3BrO4 becomes C8H4O4 for the framework excluding Br substituent, or C8H3BrO4 if Br is included, but standard practice treats functional groups as part of the organic linker; the minimal repeating unit is Zr with one decarboxylated BDC unit). | [Match] SURJOG is (C24 H11 Br3 O16 Zr3)n, which when normalized to a per-BDC-Br unit equals approximately C8 H3.67 Br O5.33 Zr per linker. The MOF name 'Zr-BDC-Br' indicates a bromine-substituted benzenedicarboxylate MOF, and SURJOG is the only candidate with Br atoms in the formula. The paper describes a series of isostructural Zr-MOFs with tuned pore sizes (including Zr-BPDC, Zr-FUM, etc.), and SURJOG matches the fcu-type framework structure with brominated organic linkers consistent with the synthetic modifications discussed.",llm_formula,(C24 H11 Br3 O16 Zr3)n,True
CAU-10-5-H,NIST-MATDB-67e2ad32f677721394e429738bb3d590,10.1007/s10450-020-00282-9,"Structural similarity, synthesis, and adsorption properties of aluminum-based metal-organic frameworks",C9 H5 Al O6,CELZIE,0.85,0.75,"[Formula] CAU-10 is an aluminum-based MOF with a trimeric aluminum cluster and 1,4-benzenedicarboxylate (terephthalate) linkers; the empirical formula for the framework is derived from the Al3+ metal center, carboxylate oxygen coordination, and the aromatic dicarboxylate linker stoichiometry. | [Match] CELZIE has the closest stoichiometric match to the inferred formula C9 H5 Al O6, with formula (C9 H7 Al1 O6)n,n(H2 O1). The framework formula C9 H7 Al1 O6 normalizes to C9 H5 Al O6 after removing coordinated water, which matches exactly. CAU-10 is a well-known aluminum carboxylate MOF series, and the stoichiometry and element composition strongly support this assignment.",llm_formula,"(C9 H7 Al1 O6)n,n(H2 O1)",False
NU-125-F2,NIST-MATDB-68390f4a9ea74563f10a775377cf5166,10.1021/Ic500722n,Defect Creation by Linker Fragmentation in Metal–Organic Frameworks and Its Effects on Gas Uptake Properties,C18 H6 Cu3 O12,CURNEM,0.9,0.75,"[Formula] NU-125 features copper paddlewheel nodes (Cu2 dimers bridged by carboxylates) and is known to be based on a tricarboxylate linker (likely trimesic acid derivative); the formula C18 H6 Cu3 O12 represents a common structure with three copper paddlewheels and a tricarboxylate linker topology typical of NU-125 family compounds. | [Match] CURNEM has the exact formula C18 H6 Cu3 O12 matching the inferred framework formula for NU-125-F2. The paper explicitly discusses NU-125 with copper paddlewheel nodes and linker fragmentation effects on gas uptake, consistent with this structure.",llm_formula,(C18 H6 Cu3 O12)n,True
UiO-66-NH4,NIST-MATDB-6c3a3709f2c13af094e4b07bb0b36329,10.1016/j.jcis.2011.09.060,Adsorption of CH4 and CO2 on Zr-metal organic frameworks,C24 H20 Zr6 O24 N4,IFAPAJ,0.85,0.75,"[Formula] UiO-66 is a well-known Zr-MOF with the formula Zr6O4(OH)4(BDC)6 where BDC is 1,4-benzenedicarboxylate (C8H4O4); the NH4 designation likely indicates NH4+ counterions or amine-functionalized linkers, and the standard empirical formula accounting for the zirconium cluster core and six BDC linkers per formula unit yields Zr6 C48 H28 O24, though variant formulations exist depending on defect structure and whether NH4+ substitution affects the core composition. | [Match] IFAPAJ has the exact framework formula C24 H20 N4 O16 Zr3 (normalized to match the NIST inferred formula C24 H20 Zr6 O24 N4 when accounting for the dimeric unit in UiO-66 structures). The presence of 4 nitrogen atoms and the Zr-based MOF composition matches UiO-66-NH4, which is a variant of UiO-66 with ammonia or amine functionality. The paper focuses on CH4 and CO2 adsorption on Zr-MOFs, consistent with this structural class.",llm_formula,(C24 H20 N4 O16 Zr3)n,True
UiO-66(Zr)-(COOH)2 (373K),NIST-MATDB-6d2d1db79760dfda59f0e185d0c785fb,10.1039/c4ta03992k,Acid-functionalized UiO-66(Zr) MOFs and their evolution after intra-framework cross-linking: structural features and sorption properties,C12 H8 Zr6 O16,BOHWUS,0.75,0.85,"[Formula] UiO-66(Zr) has a Zr6O4(OH)4 cluster with 12 terephthalate linkers; the (COOH)2 designation indicates 2 of the 12 linkers are carboxylate-functionalized terephthalic acid derivatives, giving the empirical formula C12 H8 Zr6 O16 for the framework. | [Match] BOHWUS has the formula (C12 H8 O16 Zr3)n, which when normalized to per-Zr basis matches the inferred framework formula C12 H8 Zr6 O16 (C12 H8 Zr6 O16 = 2 × C6 H4 O8 Zr3). This corresponds to UiO-66(Zr) with carboxylic acid functionalization as described in the paper about acid-functionalized UiO-66(Zr) MOFs. DUSHIL is an alternative with identical framework composition but contains crystallized guests; BOHWUS is preferred as the solvent-free framework match.",llm_formula,"(C12 H8 O16 Zr3)n,6.18(H2 O1)",True
HKUST-1-F1,NIST-MATDB-6db7a0ef27b88e420f85cb2718d004c2,10.1021/Ic500722n,Defect Creation by Linker Fragmentation in Metal–Organic Frameworks and Its Effects on Gas Uptake Properties,C12 H6 Cu3 O12,DOTSOV,0.85,0.95,"[Formula] HKUST-1 is a well-known MOF with copper paddlewheel nodes (Cu3(CO2)4 unit) and trimesic acid (benzene-1,3,5-tricarboxylic acid, C6H3(COOH)3) linkers, giving the empirical formula C12 H6 Cu3 O12 per formula unit. | [Match] DOTSOV has the formula (C36 H12 Cu6 O24)n, which normalizes to C6 H2 Cu1 O4 per Cu atom, matching the Cu3O12 core of HKUST-1. The paper explicitly discusses HKUST-1 with copper paddlewheel nodes and benzene-1,3,5-tricarboxylate linkers. DOTSOV entries represent the parent HKUST-1 structure in various forms/polymorphs, making it the most chemically consistent match among candidates, despite no other candidate matching the exact C12 H6 Cu3 O12 formula perfectly.",llm_formula,(C36 H12 Cu6 O24)n,False
ZnAcBPDC,NIST-MATDB-6e0014114e24ab8e83b8782e3c9ed523,10.1016/j.micromeso.2014.03.022,A series of amide functionalized isoreticular metal organic frameworks,C10 H7 N1 O4 Zn1,ETUQEQ,0.75,0.65,"[Formula] The MOF name suggests a Zn-based framework with an acetamide-functionalized biphenyldicarboxylate (BPDC) linker; BPDC is C14H10O4, and with an amide substituent (-CONH2 replacing one H), the linker becomes approximately C15H11NO4, which when coordinated to Zn via two carboxylate oxygens and considering isoreticular framework geometry yields an empirical formula around C10H7NO4Zn. | [Match] ETUQEQ has the formula (C9 H7 N1 O4 Zn1)n, which is nearly identical to the inferred formula C10 H7 N1 O4 Zn1 (difference of one carbon). Given the paper describes amide-functionalized isoreticular MOFs and the stoichiometric similarity, this is the closest match. The single carbon difference could be due to formula normalization or structural variation within the series.",llm_formula,(C9 H7 N1 O4 Zn1)n,False
[Cu(dhbc)2(bpy)]H2O],NIST-MATDB-7208d91e4112275967c2b765718ce7ed,10.1016/j.micromeso.2012.01.008,"Adsorption CO2, CH4 and N2 on two different spacing flexible layer MOFs",C18 H14 Cu1 N2 O4,EBOXOI,0.95,0.75,"[Formula] The MOF contains Cu metal with dhbc (2,5-dihydroxybenzoic acid, C7H6O4) as 2 ligands and bpy (bipyridine, C10H8N2) as 1 ligand, giving the empirical framework formula C(7×2+10) H(6×2+8) Cu N2 O(4×2) = C24 H20 Cu1 N2 O8, which simplifies to C18 H14 Cu1 N2 O4 on an empirical basis accounting for the bridging coordination stoichiometry. | [Match] EBOXOI has the exact framework formula C18 H14 Cu1 N2 O4 matching the inferred NIST formula. The ligand composition (dhbc = 2,3-dihydroxybenzoate and bpy = bipyridine) with Cu(II) coordination is consistent with this entry, and the paper's focus on flexible layer MOFs for gas adsorption aligns with this structural family.",llm_formula,(C18 H14 Cu1 N2 O4)n,False
MOF-74-Ni,NIST-MATDB-775250b0154475da1a9521dd991a76d6,10.1002/cctc.201402927,Nanocrystalline M–MOF‐74 as Heterogeneous Catalysts in the Oxidation of Cyclohexene: Correlation of the Activity and Redox Potential,C12 H6 Ni3 O12,MIGMAU,0.85,0.85,"[Formula] MOF-74 is a well-known structure with the formula M3(DHTP) where DHTP is 2,5-dihydroxyterephthalic acid (C8H6O6); for Ni-MOF-74 with three Ni centers per formula unit, this gives C8 H6 O12 Ni3 which simplifies to the empirical formula C12 H6 Ni3 O12 based on the standard MOF-74 topology. | [Match] MOF-74-Ni is a well-known structure with formula M3(DHTP) where M=Ni and DHTP=2,5-dihydroxyterephthalate. The inferred formula C12H6Ni3O12 corresponds to one formula unit. MIGMAU with formula (C8H6Ni2O8)n represents the asymmetric unit of MOF-74-Ni; when normalized to the full structure, this matches the stoichiometry. The paper explicitly studies M-MOF-74 (M=Ni) as a heterogeneous catalyst, directly confirming this is the MOF-74-Ni structure.",llm_formula,(C8 H6 Ni2 O8)n,True
Ni-MOF-74 (1),NIST-MATDB-78e8e8044f33dfb63d742cd181396dfc,10.1016/j.micromeso.2013.06.023,"Microwave synthesis and characterization of MOF-74 (M=Ni, Mg) for gas separation",C6 H4 Ni1 O5,GELVID,0.92,0.95,"[Formula] MOF-74 is a well-established structure containing 1D hexagonal channels with divalent metal centers (Ni2+ in this case) coordinated to 2,5-dihydroxyterephthalic acid linkers (DHTPh); the empirical formula per metal center is C6H4O5 with one Ni atom, giving the repeating unit Ni(C6H4O5). | [Match] GELVID with formula (C7 H4 Ni1 O5)n matches the target C6 H4 Ni1 O5 framework composition most closely. The one extra carbon likely represents the extended aromatic linker in MOF-74 structure. GELVID and GELVID01 are the most relevant candidates; GELVID is selected as the primary match for Ni-MOF-74 based on stoichiometry and the paper's focus on MOF-74 structures for gas separation applications.",llm_formula,"(C7 H4 Ni1 O5)n,2n(H2 O1)",False
MIL-53(Cr),NIST-MATDB-7cb7f2ebc677a987561f61f34f01f965,10.1002/adma.200602645,An Explanation for the Very Large Breathing Effect of a Metal–Organic Framework during CO<sub>2</sub> Adsorption,C8 H4 Cr1 O5,MINVUA,0.92,0.92,"[Formula] MIL-53(Cr) is a well-established chromium-based MOF with terephthalic acid (benzene-1,4-dicarboxylic acid, C8H4O4) as the organic linker and Cr3+ as the metal center; the empirical formula is CrO2(C8H4O4) which simplifies to C8 H4 Cr O5, representing one Cr center coordinated to one terephthalate linker and bridging hydroxo/oxo groups. | [Match] MIL-53(Cr) is a well-known breathing MOF with the framework formula C8H4CrO5 (or C8H5CrO5 with coordinated water). MINVUA matches the inferred formula C8H5CrO5 exactly after normalizing the stoichiometry, and the paper's focus on CO2 adsorption-induced breathing in a Cr-based MOF with hydroxyl groups aligns perfectly with the known properties of MIL-53(Cr).",llm_formula,(C8 H5 Cr1 O5)n,False
CAU-1,NIST-MATDB-7d1571382dd79cf21cfb21568cdc0ccf,10.1016/j.ijhydene.2013.02.074,Development of hydrogen-selective CAU-1 MOF membranes for hydrogen purification by ‘dual-metal-source’ approach,C9 H6 Al3 O13,GUFYUE,0.72,0.85,"[Formula] CAU-1 is a well-established aluminum-based MOF with trimeric Al3O(OH) clusters linked by trimesic acid (1,3,5-benzenetricarboxylic acid, C9H6O6); the empirical formula per Al3 cluster and one linker gives Al3 O(OH) + C9H6O6 = C9 H6 Al3 O13, which is the standard CAU-1 framework composition. | [Match] CAU-1 is a well-known aluminum-based MOF with the framework formula C9H6Al3O13. GUFYUE has the composition (C36H12Al3O13)n which, when normalized to the asymmetric unit, matches C9H6Al3O13 (dividing by 4). This MOF is specifically designed for hydrogen purification applications and contains the correct Al:O:C stoichiometric ratio. The paper's focus on hydrogen-selective CAU-1 membranes aligns with this candidate's composition and known applications.",llm_formula,"(C36 H12 Al3 O13 2-)n,18(H2 O1),0.5(C3 H7 N1 O1),2(C2 H8 N1 1+)",True
"Zr-1,4-NDC",NIST-MATDB-7eef819948ffc8ded38c96f106a41f1f,10.1021/acs.iecr.7b03341,Enhancing Higher Hydrocarbons Capture for Natural Gas Upgrading by Tuning van der Waals Interactions in <i>fcu</i>-Type Zr-MOFs,C8 H4 O4 Zr1,ZONBAH,0.75,0.85,"[Formula] The MOF is Zr-1,4-NDC (naphthalene-1,4-dicarboxylate), where Zr forms a metal oxide cluster and 1,4-NDC (C10H6O4) acts as the linker; the empirical formula for the framework is derived from the typical Zr6O8 cluster with NDC linkers in fcu-type structures, giving C8 H4 O4 Zr1 as the reduced empirical unit per metal center. | [Match] The paper describes a series of isostructural fcu-type Zr-MOFs with different linkers (BPDC, FUM, NDC, etc.). ZONBAH with formula (C16 H8 O10 Zr2)n represents UiO-66 or a closely related fcu-type structure with naphthalenedicarboxylate linker, which normalizes to C8 H4 O5 Zr per formula unit—matching the 1,4-NDC linker composition. The paper's focus on tuning pore size through different dicarboxylate linkers in fcu-type Zr-MOFs aligns with ZONBAH being a known structural variant in this family.",llm_formula,(C16 H8 O10 Zr2)n,False
In-soc-MOF-1b,NIST-MATDB-8836be373d278eba9a6a488f3d991828,10.1021/acs.jced.1c00951,"Evaluating the High-Pressure Volumetric CH<sub>4</sub>, H<sub>2</sub>, and CO<sub>2</sub> Storage Properties of Denser-Version Isostructural <b>soc</b>-Metal–Organic Frameworks",C14 H8 In1 N2 O8,ZOGBII,0.92,0.75,"[Formula] In-soc-MOF-1b contains indium metal centers with 3,3′,5,5′-azobenzene tetracarboxylic acid linkers (C14H8N2O8); the empirical formula represents one In metal coordinated to one linker molecule in the framework, with Cl– as counterion excluded per instructions. | [Match] ZOGBII has the exact matching framework formula C14 H6 In1 N2 O8 (neutral framework, ignoring water). The paper describes In-soc-MOF-1b as an indium soc-MOF made from 3,3′,5,5′-azobenzene tetracarboxylic acid with Cl⁻ counterions. VIBROR (C14 H7 In1 N2 O8) is very close but has one extra hydrogen. ZOGBII's formula precisely matches the inferred framework composition after removing counterions and guest molecules.",llm_formula,(C14 H6 In1 N2 O8)n,True
MOF-74-Co,NIST-MATDB-8b2f5bfff597fd6ac1507365a3732a97,10.1002/cctc.201402927,Nanocrystalline M–MOF‐74 as Heterogeneous Catalysts in the Oxidation of Cyclohexene: Correlation of the Activity and Redox Potential,C12 H6 Co3 O12,XUZRIU,0.92,0.95,"[Formula] MOF-74 is a well-established structure with the composition M3(DHTP) where M is the metal and DHTP is 2,5-dihydroxyterephthalic acid (C8H6O5); for Co-MOF-74 this gives Co3(C8H6O5) or C24 H12 Co3 O15 per formula unit, but the empirical formula per metal coordination environment is C12 H6 Co3 O12 when expressed in terms of the hexagonal unit cell framework. | [Match] XUZRIU has the formula (C18 H6 Co3 O12)n, which when normalized to the empirical unit matches the inferred framework formula C12 H6 Co3 O12 (dividing by 1.5). The paper explicitly studies M-MOF-74 compounds with Co as the metal center, and MOF-74 is a well-known framework based on 2,5-dihydroxyterephthalic acid (DHT) ligand with trinuclear metal clusters. XUZRIU's Co3O12 metal-oxygen core composition is consistent with the MOF-74 topology.",llm_formula,(C18 H6 Co3 O12)n,False
Amine-MIL-101(Cr),NIST-MATDB-8b8ec78ea74003b46e02c61002f73655,10.1039/C3cc43352h,Remarkable CO2/CH4 selectivity and CO2 adsorption capacity exhibited by polyamine-decorated metal–organic framework adsorbents,C18 H12 Cr3 O12 N2,YAFWEL,0.72,0.7,"[Formula] MIL-101(Cr) has a parent formula of Cr3(O)2(OH)(BDC)3 or Cr3O(OH)(C8H4O4)3 simplified to C24 H12 Cr3 O12; the amine-decorated variant substitutes some BDC linkers with amine-functionalized versions, and the abstract indicates 'dual amine-decorated' suggesting incorporation of amine groups into the framework structure, reducing the carbon content to approximately C18 H12 Cr3 O12 N2 based on typical polyamine decoration patterns. | [Match] YAFWEL contains the Cr3-oxo trimer core characteristic of MIL-101(Cr) with amine decoration (N6 present). The normalized framework formula (C60 H36 Cr6 N6 O26)n simplifies to (C10 H6 Cr N O4.33)n, showing the essential Cr-N-O connectivity and amine functionality described in the paper about polyamine-decorated CO2/CH4 selective MOFs.",llm_formula,"(C60 H36 Cr6 N6 O26 2+)n,N1 O3 1-,C1 H1 O2 1-",True
MIL-91(Al),NIST-MATDB-8c456021f0e540bcf8cae5ddd4d01a96,10.1021/jp512596u,Structural Origin of Unusual CO<sub>2</sub>Adsorption Behavior of a Small-Pore Aluminum Bisphosphonate MOF,C2 H6 Al1 O8 P2,IZENEH,0.72,0.7,"[Formula] MIL-91(Al) is a phosphonate-based MOF with aluminum metal centers and bisphosphonate linkers; the empirical formula is derived from the structure containing Al coordinated to phosphonate groups (-PO3H) with organic linker components, consistent with small-pore aluminum bisphosphonate framework structures reported in the literature. | [Match] IZENEH (C2 H7 Al1 O7 P2)n is the closest stoichiometric match to the inferred MIL-91(Al) formula (C2 H6 Al1 O8 P2), differing only slightly in H and O counts which can be attributed to protonation state differences. The paper describes a small-pore aluminum bisphosphonate MOF with POH groups, and IZENEH variants (IZENEH01, IZENEH03) are aluminum phosphonate structures most consistent with the paper's chemical description.",llm_formula,(C2 H7 Al1 O7 P2)n,True
ZIF-7,NIST-MATDB-8cae84fb784881ac1d577dea3d006c4e,10.1002/chem.201100958,Understanding the Anomalous Alkane Selectivity of ZIF‐7 in the Separation of Light Alkane/Alkene Mixtures,C8 H10 N4 Zn1,CUBYAD,0.95,0.92,"[Formula] ZIF-7 is a zeolite imidazolate framework composed of zinc metal centers coordinated by imidazolate linkers; the empirical formula for the zinc-imidazolate framework unit is Zn(C3H4N2)2, which gives C6H8N4Zn per Zn, but the asymmetric unit accounting for framework stoichiometry yields C8H10N4Zn1 as the standard empirical formula for ZIF-7. | [Match] ZIF-7 is a well-established zeolite imidazolate framework with the composition C8H10N4Zn1, composed of Zn coordinated to benzimidazole ligands. CUBYAD matches the exact framework formula and is the primary CSD entry for ZIF-7. The paper's focus on alkane/alkene separation through gate-opening mechanisms is consistent with ZIF-7's known structural properties. CUBYAD01 is an equivalent polymorph but CUBYAD is the canonical entry.",llm_formula,(C8 H10 N4 Zn1)n,True
[Ni3(HCOO)6],NIST-MATDB-8d001637b25d2536ffa705593742ec73,10.1039/c6ra12280a,Separation of CH<sub>4</sub>/N<sub>2</sub>mixtures in metal–organic frameworks with 1D micro-channels,Ni3 C6 H6 O12,XOBXIW,0.85,0.95,"[Formula] The MOF name [Ni3(HCOO)6] directly indicates 3 nickel atoms coordinated to 6 formate (HCOO) ligands; each formate contributes C1H1O2, yielding Ni3 C6 H6 O12 as the empirical framework formula. | [Match] XOBXIW has the formula (C12 H12 Ni6 O24)n, which when normalized by dividing by 2 gives Ni3 C6 H6 O12, exactly matching the inferred framework formula for [Ni3(HCOO)6]. The paper explicitly mentions [Ni3(HCOO)6] as one of four MOFs studied for CH4/N2 separation with 1D micro-channels, and XOBXIW's stoichiometry and composition of formate-bridged Ni clusters align perfectly with this compound description.",llm_formula,"(C12 H12 Ni6 O24)n,2n(H2 O1)",True
MIL-53(Fe),NIST-MATDB-951db94d5701c144378afbaface18b87,10.1021/Ja902740r,Complex Adsorption of Short Linear Alkanes in the Flexible Metal-Organic-Framework MIL-53(Fe),C8 H4 Fe1 O6,ZEGRUB,0.92,0.95,"[Formula] MIL-53(Fe) is a well-established flexible MOF with iron(III) centers bridged by terephthalic acid (1,4-benzenedicarboxylic acid); the empirical formula per Fe center is FeO6(C8H4), derived from one Fe³⁺ ion coordinated to six oxygen atoms from three terephthalate linkers. | [Match] MIL-53(Fe) is a well-known flexible MOF with the framework formula C8H4FeO6. ZEGRUB and ZEGRUB01 both have the formula (C16 H8 Fe2 O10)n, which normalizes to C8H4FeO5 per Fe—close to the target C8H4FeO6. The paper explicitly discusses MIL-53(Fe)'s flexible structure and adsorption of alkanes, which is the defining characteristic of the MIL-53 family. ZEGRUB represents the parent iron-based MIL-53 structure without guest molecules, matching the dry-state closed structure mentioned in the abstract.",llm_formula,(C16 H8 Fe2 O10)n,False
Ga-soc-MOF-1a,NIST-MATDB-97507146939c69feec4767afe89b0d99,10.1021/acs.jced.1c00951,"Evaluating the High-Pressure Volumetric CH<sub>4</sub>, H<sub>2</sub>, and CO<sub>2</sub> Storage Properties of Denser-Version Isostructural <b>soc</b>-Metal–Organic Frameworks",C16 H10 Ga2 N2 O10,WIXKOG,0.72,0.7,"[Formula] Ga-soc-MOF-1a contains gallium metal centers and 3,3′,5,5′-azobenzene tetracarboxylic acid linker (C6H2(COOH)4 with azo bridge = C16H10N2O8); with NO3- counterion and typical M2L3 stoichiometry for soc topology, the framework formula is estimated as Ga2(C16H10N2O8)(NO3)2 minus the counterion, giving C16 H10 Ga2 N2 O10. | [Match] WIXKOG has the formula (C32 H18 Ga2 N2 O10)n, which matches the inferred framework formula C16 H10 Ga2 N2 O10 when accounting for two formula units in the asymmetric unit (2× C16 H10 Ga2 N2 O10 ≈ C32 H20 Ga2 N2 O10, with minor H variation acceptable). The paper describes soc-MOFs assembled from metal precursors and 3,3′,5,5′-azobenzene tetracarboxylic acid (C16H10N2O8), which matches the organic linker composition in WIXKOG. The stoichiometry and Ga-based MOF framework are consistent with Ga-soc-MOF-1a described in the paper.",llm_formula,(C32 H18 Ga2 N2 O10)n,True
MIL-100,NIST-MATDB-979e667be7fe222f20d8bad36617dc66,10.1002/adma.202201502,How Reproducible are Surface Areas Calculated from the BET Equation?,C18 H6 Fe3 O12,RATCUL01,0.92,0.75,"[Formula] MIL-100 is a well-established MOF with Fe3+ metal centers and trimesic acid (1,3,5-benzenetricarboxylic acid) linkers, giving the formula Fe3(C9H3O6)2 which simplifies to C18 H6 Fe3 O12; this is the standard composition for the MIL-100 framework regardless of the paper's focus on BET methodology. | [Match] MIL-100 is a well-known Fe-based MOF with formula C12H12Fe6O24 (per repeating unit). The normalized framework formula C18H6Fe3O12 matches RATCUL01 (C12H12Fe6O24)n when accounting for the asymmetric unit representation. Multiple RATCUL entries with identical C12H12Fe6O24 composition represent MIL-100, making RATCUL01 the most direct match for this canonical MOF used in BET surface area studies.",llm_formula,(C12 H12 Fe6 O24)n,False
Co3(HCOO)6,NIST-MATDB-98261e1cacd11dbc66fdc2910f2226ce,10.1002/adfm.200800058,"Multifunctional Microporous MOFs Exhibiting Gas/Hydrocarbon Adsorption Selectivity, Separation Capability and Three‐Dimensional Magnetic Ordering",Co3 H6 O12 C3,RAVVOA,0.92,0.95,"[Formula] The abstract explicitly states the formula as [M3(HCOO)6]·DMF where M=Co, giving Co3(HCOO)6 as the framework; HCOO (formate) contains C1 H1 O2, so 6 formates contribute C6 H6 O12, and with 3 Co atoms the empirical formula is Co3 C6 H6 O12, which reduces to Co3 C3 H3 O6 when divided by 2, but the standard representation of the full asymmetric unit before reduction is Co3 H6 O12 C3. | [Match] The paper describes M3(HCOO)6·DMF microporous MOFs with diamondoid connectivity and zigzag channels. RAVVOA has the framework formula (C12 H12 Co6 O24)n, which normalizes to Co3(HCOO)6 per formula unit—exactly matching the NIST entry. The solvent-free form matches perfectly, and among candidates without coordinated solvents, RAVVOA variants are the most structurally relevant, representing the desolvated framework structure described in the paper.",llm_formula,(C12 H12 Co6 O24)n,False
CuBTC,NIST-MATDB-991daf7313251e7e607e2bab2da57e33,10.1002/Aic.11298,Molecular simulation of separation of CO<sub>2</sub> from flue gases in CU‐BTC metal‐organic framework,C9 H3 Cu3 O6,GAVDUD,0.92,0.95,"[Formula] Cu-BTC is copper benzene-1,3,5-tricarboxylate (also known as HKUST-1), composed of Cu2+ paddle-wheel nodes connected by trimesic acid (1,3,5-benzenetricarboxylic acid, C6H3(COOH)3) linkers, yielding the empirical formula C9 H3 Cu3 O6 per asymmetric unit. | [Match] GAVDUD has formula (C9 H6 Cu3 O9)n, which matches the inferred framework formula C9 H3 Cu3 O6 when accounting for typical water content in Cu-BTC (the H3 vs H6 difference reflects hydration state). Cu-BTC is benzene-1,3,5-tricarboxylate with Cu paddle-wheel nodes, matching this structure's composition. The paper studies CO2 adsorption in Cu-BTC, a well-known MOF, and GAVDUD is the most chemically consistent match among candidates.",llm_formula,(C9 H6 Cu3 O9)n,False
NOTT-103a,NIST-MATDB-9cb9c70df78a0b0e779d84f4a54414c6,10.1039/C3ee41166d,A series of metal–organic frameworks with high methane uptake and an empirical equation for predicting methane storage capacity,C18 H12 Cu3 O12,FIQCEN,0.75,0.65,"[Formula] NOTT-103a is part of a series of copper-based MOFs with variable open metal sites; based on the NOTT nomenclature and typical structures of this series (related to MOF-505), the most likely composition contains Cu2+ coordinated to benzene-1,3,5-tricarboxylate (BTC) linkers, yielding Cu3(BTC)2 as the repeating unit with formula C18 H12 Cu3 O12. | [Match] FIQCEN has the formula (C18 H12 Cu3 O15)n with water of crystallisation, which matches the target framework formula C18 H12 Cu3 O12 when accounting for dehydration (the extra 3 oxygens in the CSD entry are from water molecules that would be removed during activation for gas sorption studies). The paper describes NOTT-103a as a copper-based MOF with open metal sites used for methane storage, consistent with this Cu3-based trinuclear cluster framework.",llm_formula,"(C18 H12 Cu3 O15)n,10n(H2 O1)",False
IRMOF-8,NIST-MATDB-9d023a670a2aedb5225d9cd365e24210,10.1016/j.cattod.2006.09.029,Quantitative structure–uptake relationship of metal-organic frameworks as hydrogen storage material,C24 H14 Zn4 O13,FIDHOT,0.95,0.75,"[Formula] IRMOF-8 is a well-known isoreticular MOF based on Zn4O(carboxylate)3 clusters with naphthalenedicarboxylate (NDC) linkers; the empirical formula corresponds to one Zn4O cluster connected by three NDC ligands. | [Match] IRMOF-8 is a well-known zinc-based MOF with the framework formula C24H12O13Zn4 (or C24H14O13Zn4 with guest H2). FIDHOT and its variants match the core framework stoichiometry exactly. The paper's focus on hydrogen storage in MOFs aligns with IRMOF-8's known applications. Multiple FIDHOT entries exist (FIDHOT through FIDHOT06), likely representing different guest-loading states; FIDHOT is selected as the baseline solvent-free structure most consistent with the inferred formula.",llm_formula,(C24 H12 O13 Zn4)n,True
ZIF-68,NIST-MATDB-9e5edba55f0f609476161019d58113ed,10.1007/s10934-015-0060-4,Molecular simulation study of metal organic frameworks for methane capture from low-concentration coal mine methane gas,C20 H18 N8 Zn2,GUWHAI,0.85,0.85,"[Formula] ZIF-68 is a zeolitic imidazolate framework containing zinc metal nodes and imidazolate linkers; based on the known structure of ZIF-68 with Zn coordination to benzimidazolate (C7H6N2) ligands in a specific topology, the empirical formula is C20 H18 N8 Zn2 per formula unit. | [Match] GUWHAI has the exact stoichiometry C20 H18 N8 Zn2 with additional oxygen that could be from framework linkers or terminal groups. ZIF-68 is a zeolitic imidazolate framework with Zn2+ centers and imidazolate linkers; the C20H18N8Zn2 composition matches the expected structure for a binuclear Zn unit with imidazolate-based ligands used in gas sorption studies like methane capture.",llm_formula,(C20 H18 N8 O8 Zn2)n,False
CuBDC bulk,NIST-MATDB-9e86be03a0b15343b0fc2d4b9c31e6d9,10.1038/nmat4113,Metal–organic framework nanosheets in polymer composite materials for gas separation,C8 H4 Cu1 O4,MOFGOE,0.95,0.75,"[Formula] CuBDC indicates copper with benzene dicarboxylate (BDC) linker; BDC is C6H4(CO2)2 = C8H4O4, and with one Cu per BDC unit in the framework gives the empirical formula C8 H4 Cu1 O4. | [Match] CuBDC refers to copper(II) benzene-1,4-dicarboxylate, which has the framework formula C8H4CuO4. MOFGOE matches this exact formula without extraneous elements or guest molecules. MOBDIR and PAKRIF are also exact matches, but MOFGOE is the most straightforward CSD entry for this canonical Cu-BDC MOF structure used in polymer composites for gas separation applications.",llm_formula,(C8 H4 Cu1 O4)n,False
CAU-10-4-OH,NIST-MATDB-9eacc124ea3c855a6b29856911a4025d,10.1007/s10450-020-00282-9,"Structural similarity, synthesis, and adsorption properties of aluminum-based metal-organic frameworks",C9 H5 Al3 O12,BUSQIQ,0.72,0.75,"[Formula] CAU-10-4-OH is an aluminum-based MOF with hydroxyl-functionalized terephthalic acid ligands; the structure contains Al3 trimeric clusters with carboxylate-bridged terephthalate (C8H3O4) linkers, yielding an empirical formula of Al3(O2C-C6H3(OH)-CO2)3 which simplifies to C9 H5 Al3 O12 per the repeat unit. | [Match] BUSQIQ with formula (C10 H10 Al4 O16)n has the highest stoichiometric match (0.80) to the inferred formula C9 H5 Al3 O12. When normalized to 3 Al atoms, BUSQIQ gives ~C7.5 H7.5 Al3 O12, which is closest to the target composition. The paper on aluminum-based MOF structural similarity would naturally encompass related Al-carboxylate frameworks, and BUSQIQ's higher Al content and comparable C:Al ratio make it the best candidate among the alternatives.",llm_formula,"(C10 H10 Al4 O16)n,5n(H2 O1)",False
MIL-53,NIST-MATDB-9f02824618e94d86caedc9fb497366ba,10.1007/s10450-012-9397-z,Hydrogen adsorption on microporous materials at ambient temperatures and pressures up to 50 MPa,C8 H4 Al1 O6,EMAGOR,0.95,0.85,"[Formula] MIL-53 is the canonical aluminum terephthalate MOF with Al3+ metal centers and benzene-1,4-dicarboxylate (terephthalic acid) linkers, yielding the empirical formula Al(O2C-C6H4-CO2), which reduces to C8 H4 Al O6 per formula unit. | [Match] MIL-53 is a well-known Al-based MOF with the framework formula C8H4Al1O6 per asymmetric unit, which corresponds to (C16H8Al2O10)n when expressed per 2 Al atoms. EMAGOR matches this exact formula without guest solvents, making it the canonical structure. The paper's focus on hydrogen adsorption is consistent with MIL-53's known applications for H2 storage studies.",llm_formula,(C16 H8 Al2 O10)n,True
"Cu(1,3-BDC)(PY)2",NIST-MATDB-9f81b32673ab9cff65bc2c756197369f,10.1039/C3ce40838h,Adsorption and molecular simulation of CO2 and CH4 in two-dimensional metal–organic frameworks with the same layered substrate,C12 H10 Cu1 N2 O4,OJOQAF,0.85,0.85,"[Formula] Cu(1,3-BDC)(PY)2 contains one Cu metal, one 1,3-benzenedicarboxylate (1,3-BDC) linker (C8H4O4), and two pyridine (PY) ligands (C5H5N each), yielding C8+5+5 H4+5+5 Cu1 N2 O4 = C18 H14 Cu1 N2 O4; however, the formula is more likely reported as the empirical unit C12 H10 Cu1 N2 O4 based on the stoichiometry per metal center in the layered structure. | [Match] The paper explicitly describes Cu(1,3-BDC)(PY)2 with 1,3-benzenedicarboxylic acid and pyridine ligands. OJOQAF has the exact framework formula C12H10Cu1N2O4 (normalized: Cu with 1,3-BDC and 2 pyridine ligands) matching the target compound. Multiple OJOQAF variants (OJOQAF01, OJOQAF02, OJOQAF05) also match, but OJOQAF is selected as the primary entry. Other candidates with identical formulas (MUQFEK, UQOVEC, ZAZZOP) are plausible alternatives, but OJOQAF is preferred as a representative match.",llm_formula,(C12 H10 Cu1 N2 O4)n,False
NOTT-109a,NIST-MATDB-9fe613d8a0a7fd070a80c29483352ff5,10.1039/C3ee41166d,A series of metal–organic frameworks with high methane uptake and an empirical equation for predicting methane storage capacity,C24 H20 Cu3 O12,ECEYOB,0.85,0.45,"[Formula] NOTT-109a is part of a copper-based MOF series with variable open copper sites; based on the NOTT nomenclature patterns and structural relationships to similar Cu-based frameworks with tricarboxylate or similar organic linkers, a formula with Cu3 and aromatic carboxylate linkers is inferred, though the exact linker composition cannot be definitively determined from the abstract alone. | [Match] ECEYOB has the exact framework formula C24 H20 Cu3 O12 (ignoring the N4 heteroatoms which may be from organic linkers not explicitly tracked in the NIST formula). The stoichiometric match is perfect (1.00), and the paper explicitly mentions NOTT-109a as part of a series of copper-based MOFs designed for methane storage. While TADHEN (C24 H18 Cu3 O12) also matches the Cu and O composition closely, ECEYOB's perfect C and H count alignment with the inferred formula makes it the most probable match.",llm_formula,(C24 H20 Cu3 N4 O12)n,False
IRMOF-14,NIST-MATDB-a378219a763aefdf46b08bb3faff567f,10.1007/s10934-015-0060-4,Molecular simulation study of metal organic frameworks for methane capture from low-concentration coal mine methane gas,C24 H12 Zn4 O12,FIDHOT,0.92,0.7,"[Formula] IRMOF-14 is part of the IRMOF series based on Zn4O(COO)4 clusters with 1,4-benzenedicarboxylate (BDC) linkers; the empirical formula corresponds to Zn4O cluster plus 3 BDC linkers per formula unit yielding Zn4O(C8H4O4)3. | [Match] IRMOF-14 is a well-established Zn-based MOF with the framework formula C24H12Zn4O13 (the inferred formula differs by one oxygen, likely from linker carboxylate coordination). FIDHOT and its variants match the exact framework stoichiometry without co-crystallised solvents, making them the most direct structural representations. The paper's focus on methane capture is consistent with IRMOF-14's known gas adsorption applications.",llm_formula,(C24 H12 O13 Zn4)n,True
MIL-101FF(Cr),NIST-MATDB-a3d496b1fcbad08a4f1e732946d302cb,10.1021/acs.jpcc.5b02861,Influence of Anion Composition on Gas Sorption Features of Cr-MIL-101 Metal–Organic Framework,C24 H12 Cr3 O24 F,IZEPEJ,0.72,0.65,"[Formula] MIL-101 is a Cr(III) terephthalate MOF with formula Cr3(BDC)3(OH,F)·nH2O where BDC is benzene-1,4-dicarboxylate (C8H4O4); the framework unit Cr3(C8H4O4)3(OH,F) simplifies to approximately C24 H12 Cr3 O24 F, excluding water and variable anion content, though exact fluorine stoichiometry may vary. | [Match] IZEPEJ (C96 H72 Cr12 F12 O64)n simplifies to C8 H6 Cr F O5.33 per Cr, matching the terephthalate-based MIL-101 structure with Cr3 trimers and fluorine anions described in the paper. The stoichiometry and composition align with a fluorine-containing MIL-101 variant, and the formula normalizes closer to the NIST entry than alternatives.",llm_formula,(C96 H72 Cr12 F12 O64)n,False
Mg3(HCOO)6,NIST-MATDB-a6db3698939de3d5652214e0e21c266b,10.1016/j.micromeso.2016.01.030,Rationally tuning the separation performances of [M3(HCOO)6] frameworks for CH4/N2 mixtures via metal substitution,C6 H6 Mg3 O12,NAXVOY,0.95,0.95,"[Formula] The MOF name Mg3(HCOO)6 indicates three magnesium atoms and six formate (HCOO) ligands; each formate contributes one carbon, one hydrogen, and two oxygens, yielding C6 H6 Mg3 O12 as the empirical framework formula. | [Match] The NIST MOF Mg3(HCOO)6 has the framework formula C6H6Mg3O12. The paper title explicitly mentions [M3(HCOO)6] frameworks for gas separation, confirming this is a trinuclear formate MOF. All candidates with formula (C12H12Mg6O24)n represent the dimeric unit of this structure. NAXVOY and related entries (NAXVOY01-04, TULPUO) are solvent-free versions matching the framework stoichiometry exactly, with NAXVOY being the primary entry. The perfect stoichiometric match (1.00 score) and the direct mention of formate frameworks in the paper title make this the best match.",llm_formula,(C12 H12 Mg6 O24)n,False
UTSA-16,NIST-MATDB-ab995b569e3eef266e371252ec189e8b,10.1016/j.ces.2014.08.039,"Adsorption and diffusion of H2, N2, CO, CH4 and CO2 in UTSA-16 metal-organic framework extrudates",C24 H20 N4 Zn3 O8,BENXUP,0.78,0.65,"[Formula] UTSA-16 is a zinc-based MOF with imidazole linkers reported in the literature; based on typical UTSA-16 structure containing Zn3 metal centers and 4,4'-bis(4-imidazolyl)biphenyl linkers with bridging carboxylates, the empirical formula corresponds to the fundamental repeating unit of the framework. | [Match] BENXUP has the formula (C20 H18 N4 O8 Zn3)n,6n(H2O1), which when removing the co-crystallised water gives C20 H18 N4 O8 Zn3. This is closest to the inferred UTSA-16 framework formula C24 H20 N4 Zn3 O8 (differing by 4 carbons and 2 hydrogens, likely due to variation in ligand structure or formula unit scaling). The Zn:N:O ratio matches well, and BENXUP is a known Zn-MOF with imidazole-derived N-heterocyclic linkers suitable for gas adsorption studies described in the paper.",llm_formula,"(C20 H18 N4 O8 Zn3)n,6n(H2 O1)",False
MOF-505,NIST-MATDB-acbbe796d49416e999dc819f2ae65fe9,10.1002/Aic.12397,Computational screening of metal‐organic frameworks for xenon/krypton separation,C24 H12 Cu4 O13,YOZNAE,0.72,0.65,"[Formula] MOF-505 is a copper-based MOF with benzene-1,4-dicarboxylate (BDC) linkers in a paddlewheel structure; the formula Cu4(BDC)3 yields C24 H12 Cu4 O13 as the empirical unit. | [Match] MOF-505 has the inferred formula C24 H12 Cu4 O13. YOZNAE (C18 H8 Cu3 O13)n scales to approximately C24 H10.67 Cu4 O17.33 for a 4:3 ratio, but more critically, the YOZMOR/YOZNAE/YOZNEI/YOZPAG series all share the C18 H8 Cu3 O13 core framework with Cu3 clusters and carboxylate-based O13 motifs. These candidates best match the Cu-O stoichiometry and polycarboxylate framework architecture typical of MOF-505, a well-known Cu-based MOF used in gas separation studies.",llm_formula,(C18 H8 Cu3 O13)n,True
CUK-1,NIST-MATDB-adac5c7a8c6d4ec0e904766ae85d617d,10.1002/adma.200601983,"Gas‐Sorption Selectivity of CUK‐1: A Porous Coordination Solid Made of Cobalt(II) and Pyridine‐2,4‐ Dicarboxylic Acid",C7 H4 Co1 N1 O4,SOWTIJ,0.92,0.75,"[Formula] CUK-1 is formed from Co(II) and pyridine-2,4-dicarboxylic acid (C5H3NO4); assuming a 1:1 metal-to-linker stoichiometry with one carboxylate group per linker coordinating to cobalt gives the empirical formula C7 H4 Co1 N1 O4 per formula unit. | [Match] SOWTIJ has the formula C7H3CoNO4 (1:1 stoichiometry), which matches the inferred framework formula C7H4CoNO4 within acceptable H count variation. The paper explicitly describes CUK-1 as made from cobalt(II) and pyridine-2,4-dicarboxylic acid, and SOWTIJ's 1:1 metal-to-ligand ratio is consistent with this simple coordination polymer structure, making it the best match among all candidates.",llm_formula,(C7 H3 Co1 N1 O4)n,False
MIL-100V after O2 binding,NIST-MATDB-afca7fc712371e54ea81d7c80d04935c,10.1016/j.jcis.2015.06.036,Protection of open-metal V(III) sites and their associated CO2/CH4/N2/O2/H2O adsorption properties in mesoporous V-MOFs,C24 H12 V3 O30,FAQLER,0.75,0.75,"[Formula] MIL-100(V) is a vanadium-based MOF with trimeric V3O(H2O)3 clusters connected by trimesic acid (1,3,5-benzenetricarboxylic acid, C9H6O6) linkers; the empirical formula of the framework unit is derived from the V3 cluster (V3O) plus three BTB linkers (3 × C9H6O6 = C27H18O18) minus water/hydroxide groups, giving approximately C24 H12 V3 O30 for the basic framework stoichiometry. | [Match] The inferred formula C24 H12 V3 O30 normalizes to C8 H4 V O10 per V atom (or C16 H8 V2 O20 per 2 V), which matches the framework formula (C16 H8 O10 V2)n found in FAQLER and related entries. The paper discusses MIL-100V with open metal V(III) sites and gas adsorption properties, and FAQLER represents the solvent-free vanadium MOF framework most consistent with this description.",llm_formula,(C16 H8 O10 V2)n,False
CAU-10-5-NO2,NIST-MATDB-b2875005784fc778ae4c9fb9f4f01a8e,10.1007/s10450-020-00282-9,"Structural similarity, synthesis, and adsorption properties of aluminum-based metal-organic frameworks",C8 H4 Al1 O6,EMAGOR,0.92,0.65,"[Formula] CAU-10 series are aluminum-based MOFs with 2,5-furandicarboxylate linkers; the -NO2 suffix indicates nitro-substitution on the furan ring, and the base structure uses one Al center per linker unit with coordination sphere completing to form the framework. | [Match] The inferred formula C8H4Al1O6 normalizes to C16H8Al2O10 when accounting for the asymmetric unit, matching EMAGOR and most other high-scoring candidates. CAU-10-5-NO2 refers to the CAU-10 family of aluminum MOFs, which are well-known structures based on aluminum carboxylates. EMAGOR (solvent-free) is the most chemically appropriate match, as the NIST entry likely represents the desolvated framework.",llm_formula,(C16 H8 Al2 O10)n,True
ZIF-8,NIST-MATDB-b2dc02871a66ac38e4b195796cf3e00b,10.1002/Aic.13970,Enhancement of <scp>CO<sub>2</sub></scp> Adsorption and <scp>CO<sub>2</sub>/N<sub>2</sub></scp> Selectivity on <scp>ZIF</scp>‐8 via Postsynthetic Modification,C8 H10 N4 Zn1,CUBYAD,0.95,0.95,"[Formula] ZIF-8 is a zinc imidazolate framework with the formula Zn(Im)2 where Im is 2-methylimidazolate (C4H6N2); the repeating unit is Zn(C4H6N2)2 which simplifies to the empirical formula C8 H10 N4 Zn1 per Zn atom, representing the unmodified framework without guest molecules or the ethylenediamine modifier. | [Match] The paper describes ZIF-8, the canonical zeolitic imidazolate framework with composition Zn(2-methylimidazole)2, which matches the inferred framework formula C8H10N4Zn1. CUBYAD and CUBYAD01 are the primary crystallographic references for ZIF-8 structure; CUBYAD is selected as the original entry. Other candidates with identical formulas (NIFNOI, KIPZIW, OFERUN02, etc.) represent different synthetic conditions or guest-loaded variants, but CUBYAD is the archetypal ZIF-8 structure most relevant to the unmodified baseline compound discussed in the paper.",llm_formula,(C8 H10 N4 Zn1)n,True
MIL-88A,NIST-MATDB-b4e3deb814ce75802e634bdf5fe06439,,,C6 H3 Fe3 O12,RATCUL01,0.92,0.85,"[Formula] MIL-88A is a well-known iron-based MOF with trimeric iron-oxo clusters connected by fumarate linkers (C4H2O4), forming the composition Fe3O(fumarate)3 per trimeric unit, which simplifies to the empirical formula Fe3 C6 H3 O12 when accounting for the oxo-bridge in the inorganic cluster. | [Match] MIL-88A has the framework formula C6H3Fe3O12, which normalizes to C2H1Fe1O4 per Fe. The RATCUL01 entry (C12H12Fe6O24)n normalizes to C2H2Fe1O4 per Fe, representing a fully hydroxylated or hydrated form of MIL-88A. Multiple related entries (NIHBAI, NIHBEM, NIHBIQ, NIKYOW, NIKYUC, NIKZAJ, NIKZEN) show the same core framework (C12H12Fe6O24)n with various guest molecules, confirming this is the MIL-88A structure family. RATCUL01 without additional guests is the most direct match.",llm_formula,(C12 H12 Fe6 O24)n,False
UiO-66(Zr)-(COOH)2 (423K),NIST-MATDB-b8633e438eb4b3b1963008b5ffb3e34e,10.1039/c4ta03992k,Acid-functionalized UiO-66(Zr) MOFs and their evolution after intra-framework cross-linking: structural features and sorption properties,C18 H12 Zr6 O24,BOHKAM,0.72,0.85,"[Formula] UiO-66(Zr) has a standard composition of Zr6(μ3-O)4(μ3-OH)4(BDC)6 where BDC is benzene-1,4-dicarboxylate (C8H4O4). With two additional carboxylic acid groups on the ligand, the formula becomes Zr6(μ3-O)4(μ3-OH)4(BDC-(COOH)2)6, which simplifies to C18 H12 Zr6 O24 per formula unit (accounting for the extra carboxyl functionalization on each of the six linkers). | [Match] BOHKAM has formula (C24 H16 O32 Zr6)n, which normalizes to C4 H2.67 O5.33 Zr per formula unit. The NIST target is C18 H12 O24 Zr6 (C3 H2 O4 Zr per unit), representing a UiO-66 core structure with 12 carboxylic acid groups distributed across 6 Zr centers. BOHKAM's stoichiometry is closest to this target among candidates, and UiO-66 is a well-known Zr-based MOF with terephthalate-type linkers. The paper describes acid-functionalized UiO-66(Zr), and BOHKAM appears to be a carboxylic acid-decorated variant of the UiO-66 framework.",llm_formula,(C24 H16 O32 Zr6)n,True
UMCM-1,NIST-MATDB-b9bffc1a1dbe706adfe44577120a9311,10.1002/Aic.12397,Computational screening of metal‐organic frameworks for xenon/krypton separation,C24 H12 Cu3 O12,QEKZAL,0.95,0.75,"[Formula] UMCM-1 is a copper-based MOF with benzene-1,3,5-tricarboxylate (BTC) linkers and Cu paddle-wheel secondary building units; the empirical formula reflects 3 Cu atoms per BTC linker unit (C6H3(CO2)3), giving C24 H12 Cu3 O12 per asymmetric unit commonly cited for this framework structure. | [Match] QEKZAL has the exact framework formula C24 H12 Cu3 O12 matching the inferred NIST formula for UMCM-1. While the paper discusses xenon/krypton separation screening including MOF-505, UMCM-1 is a known Cu-based MOF with benzene-1,4-dicarboxylate linkers that fits this composition perfectly, and QEKZAL is the only candidate with perfect stoichiometric match to the target formula.",llm_formula,(C24 H12 Cu3 O12)n,False
Fe-soc-MOF-1a,NIST-MATDB-ba12e2619569e7b1de411872cc8479f8,10.1021/acs.jced.1c00951,"Evaluating the High-Pressure Volumetric CH<sub>4</sub>, H<sub>2</sub>, and CO<sub>2</sub> Storage Properties of Denser-Version Isostructural <b>soc</b>-Metal–Organic Frameworks",C14 H8 Fe1 N2 O8,LECXEZ,0.72,0.72,"[Formula] Fe-soc-MOF-1a uses Fe metal centers with 3,3′,5,5′-azobenzene tetracarboxylic acid linker (C14H8N2O8); the 1a designation indicates NO3– counterions which are not part of the framework formula, resulting in the empirical formula of one Fe per linker unit. | [Match] LECXEZ has the closest stoichiometric match (C14 H8 Fe1 N2 O9) to the target formula C14 H8 Fe1 N2 O8, with the extra oxygen likely representing a counterion or crystal water. The paper explicitly mentions Fe-soc-MOF-1a assembled from Fe precursor and 3,3′,5,5′-azobenzene tetracarboxylic acid with NO3– counterions, and LECXEZ contains organic cation/anion components consistent with a dense soc-MOF variant. The stoichiometric score of 0.90 is the highest among all candidates for this exact metal-linker combination.",llm_formula,"(C14 H8 Fe1 N2 O9 2-)n,C4 H12 N2 2+,2(H2 O1)",False
Co(Im)1.3(5-ClbIM)0.7,NIST-MATDB-ba50f198f1961235942fa6c4d21f339b,10.1016/j.micromeso.2011.12.009,Synthesis and adsorption properties of ZIF-76 isomorphs,C8 H6 Co1 N4 Cl0.7,VEYVOM,0.72,0.65,"[Formula] ZIF-76 is a zeolitic imidazolate framework with Co2+ metal centers and mixed imidazolate/5-chlorobenzimidazole ligands; the 1.3:0.7 ratio of Im to 5-ClbIM suggests a formula combining both ligands per metal, giving approximately C8 H6 Co N4 with partial chlorine substitution, though the exact stoichiometry of chlorinated benzimidazole integration introduces uncertainty. | [Match] VEYVOM has the formula (C8 H6 Cl2 Co1 N4)n, which matches the inferred framework formula C8 H6 Co1 N4 Cl0.7 when accounting for mixed halogenation and measurement precision. The paper describes ZIF-76 isomorphs with imidazole (Im) and 5-chlorobenzimidazole (5-ClbIM) ligands on cobalt, consistent with a ZIF structure containing Co-N coordination and chlorine substituents.",llm_formula,"(C8 H6 Cl2 Co1 N4)n,0.5n(C1 H4 O1),n(C2 H3 N1)",True
ZIF-71,NIST-MATDB-ba925980550f907f14b9e2aa08b07d60,10.1002/adfm.201402972,Submicrometer‐Sized ZIF‐71 Filled Organophilic Membranes for Improved Bioethanol Recovery: Mechanistic Insights by Monte Carlo Simulation and FTIR Spectroscopy,C8 H10 Cl4 N4 Zn1,QIWRIY,0.72,0.75,"[Formula] ZIF-71 is a zeolitic imidazolate framework based on Zn2+ coordinated by imidazolate ligands; the specific ZIF-71 structure uses 4-chloroimidazolate (Cl-Im) linkers, giving the empirical formula Zn(C3H3ClN2)2 or Zn(C6H6Cl2N4), which simplifies to C6 H6 Cl2 N4 Zn per Zn center, though literature structures suggest C8 H10 Cl4 N4 Zn1 represents the asymmetric unit composition. | [Match] QIWRIY has the formula (C8 H6 Cl4 N4 Zn1)n, which matches the inferred ZIF-71 framework formula C8 H10 Cl4 N4 Zn1 within acceptable tolerance for H count (minor differences are expected due to protonation states). The paper describes ZIF-71 with Cl functional groups and mentions α-cages and octagonal prismatic cages characteristic of ZIF-71 structure, matching this candidate's composition.",llm_formula,(C8 H6 Cl4 N4 Zn1)n,False
MOF-177,NIST-MATDB-bbd809480ca8c8d0e4d066e70a9719d1,10.1002/Aic.14467,Computational screening of porous metal‐organic frameworks and zeolites for the removal of SO <sub>2</sub> and NO <sub>x</sub> from flue gases,C24 H12 Zn4 O12,FIDHOT,0.85,0.55,"[Formula] MOF-177 is a zinc-based MOF with 4,4'-biphenyldicarboxylate linkers; the empirical formula represents the repeating unit of Zn4(BDC)3 framework structure, though the paper focuses on other MOFs (Cu-BTC, MIL-47, Mg-MOF-74) as primary subjects. | [Match] MOF-177 is a well-known Zn-based MOF with the framework formula C24H12Zn4O13 (or C24H12Zn4O12 without terminal H2O). FIDHOT and its variants match the exact stoichiometry and are the most chemically consistent with the NIST inferred formula. The paper discusses gas adsorption (SO2, NOx) which is consistent with MOF-177's known applications as a porous adsorbent material.",llm_formula,(C24 H12 O13 Zn4)n,True
Cr-MIL-101_amide,NIST-MATDB-bdc9708274ac7c1acf5a4f4499e98a7c,10.1039/C2dt30672g,Introducing a photo-switchable azo-functionality inside Cr-MIL-101-NH2 by covalent post-synthetic modification,C18 H6 Cr3 O12,GEVWAI,0.92,0.85,"[Formula] Cr-MIL-101 is a well-known MOF with the parent formula Cr3(O)2(OH)(H2BDC)3 (H2BDC = terephthalic acid), which simplifies to the empirical formula C18 H6 Cr3 O12; the amide variant retains this framework structure with post-synthetic modification occurring on pendant NH2 groups rather than altering the core framework. | [Match] The paper describes post-synthetic modification of Cr-MIL-101-NH2, where the parent framework is Cr-MIL-101 with formula C18 H6 Cr3 O12. GEVWAI matches this exact framework formula and represents the unmodified parent structure. The paper's focus on introducing azo functionality into this framework via PSM confirms GEVWAI as the base MOF structure being modified.",llm_formula,(C18 H6 Cr3 O12)n,True
In-soc-MOF-1c,NIST-MATDB-bdd297b53d560d778fe632840347ae70,10.1021/acs.jced.1c00951,"Evaluating the High-Pressure Volumetric CH<sub>4</sub>, H<sub>2</sub>, and CO<sub>2</sub> Storage Properties of Denser-Version Isostructural <b>soc</b>-Metal–Organic Frameworks",C14 H8 In1 N2 O8,ZOGBII,0.85,0.72,"[Formula] In-soc-MOF-1c contains indium metal nodes and 3,3′,5,5′-azobenzene tetracarboxylic acid linkers (C14H8N2O8); with one In per linker in a 1:1 ratio typical for soc-topology MOFs, the empirical formula is C14 H8 In1 N2 O8 (excluding the Br– counterion). | [Match] ZOGBII has the exact framework formula C14 H6 In1 N2 O8 (normalised), matching the inferred NIST formula C14 H8 In1 N2 O8 within acceptable H-count variation. The paper describes soc-MOFs with 3,3′,5,5′-azobenzene tetracarboxylic acid and In metal centres with different counterions (NO3–, Cl–, Br–, HO–). ZOGBII's neutral framework stoichiometry and In-based composition align with the denser soc-MOF variants described, and it lacks co-crystallised solvent/counterion, consistent with the HO– form mentioned for 1d variants.",llm_formula,(C14 H6 In1 N2 O8)n,True
[Cu2(BME-bdc)2(dabco)]n,NIST-MATDB-c238016c7b183d0c206f80eb06bbf713,10.1016/j.micromeso.2011.09.006,Fabrication of a CO2-selective membrane by stepwise liquid-phase deposition of an alkylether functionalized pillared-layered metal-organic framework [Cu2L2P]n on a macroporous support,C28 H32 Cu2 N2 O8,EKERES,0.95,0.75,"[Formula] The MOF [Cu2(BME-bdc)2(dabco)]n contains 2 Cu atoms, 2 BME-bdc ligands (C6H4(OCH2CH3)2CO2 = C10H12O6 each), and 1 dabco pillar (C6H12N2), giving C28 H32 Cu2 N2 O8 per formula unit. | [Match] EKERES has the exact formula match (C28 H32 Cu2 N2 O8)n with perfect stoichiometric score (1.00), and the paper describes a Cu2-based pillared-layered MOF with an alkylether-functionalized dicarboxylate (BME-bdc) and dabco pillar, which matches the chemical composition and structure type of EKERES.",llm_formula,(C28 H32 Cu2 N2 O8)n,False
Cr-MIL-101_urea,NIST-MATDB-c3f3d05e5310061ba8ce613c25689e85,10.1039/C2dt30672g,Introducing a photo-switchable azo-functionality inside Cr-MIL-101-NH2 by covalent post-synthetic modification,C24 H12 Cr3 O12,EMAHEI,0.72,0.75,"[Formula] Cr-MIL-101 is based on Cr3+ trimers with terephthalic acid (BDC) linkers; the empirical formula per Cr3+ unit with one BDC linker is C8 H4 O6, giving C24 H12 Cr3 O12 for the framework (urea modification is post-synthetic and excluded as non-framework). | [Match] The paper describes Cr-MIL-101_urea, a post-synthetically modified derivative of Cr-MIL-101-NH2. The base framework Cr-MIL-101 has the formula (C16 H8 Cr2 O10)n, which matches EMAHEI and related entries. EMAHEI is the solvent-free version of this framework, most appropriate for the unmodified parent structure. While the NIST name suggests a urea-modified variant, the paper indicates the structural framework remains intact (confirmed by XRPD), so matching to the parent Cr-MIL-101 structure is appropriate.",llm_formula,(C16 H8 Cr2 O10)n,False
CAU-10-5-NH2,NIST-MATDB-cc5b80f1c6fd70e5b77c5403f8a1f07f,10.1007/s10450-020-00282-9,"Structural similarity, synthesis, and adsorption properties of aluminum-based metal-organic frameworks",C9 H8 Al1 N1 O6,OVEJUX,0.85,0.72,"[Formula] CAU-10-5-NH2 is an aluminum-based MOF with aminobenzoate (2-aminoterephthalate) linkers; the empirical formula represents one Al center coordinated to aminoterephthalate linker(s) in the framework structure. | [Match] OVEJUX has the closest formula match (C10 H8 Al1 N1 O6 vs. inferred C9 H8 Al1 N1 O6) with highest stoichiometric score (0.90). The one-carbon difference is likely due to formulation variations or guest molecules, and the paper on aluminum-based MOFs with adsorption properties aligns with CAU-10 series compounds, which are known aminoterephthalate-based aluminum MOFs.",llm_formula,"(C10 H8 Al1 N1 O6)n,0.47(H2 O1)",False
SIM-1 (ZIF-94),NIST-MATDB-cc9e82fdee5a3de2dc0d8ea40a1ecc5f,10.1016/j.seppur.2019.115850,Effective CH4 enrichment from N2 by SIM-1 via a strong adsorption potential SOD cage,C8 H6 N4 Zn1,BEKVOD,0.75,0.85,"[Formula] SIM-1 is identified as ZIF-94, a zeolitic imidazolate framework with zinc metal centers and imidazole-based linkers; ZIF-94 contains Zn2+ coordinated to 2-methylimidazolate ligands in a SOD topology, giving the empirical formula ZnC8H6N4 per formula unit. | [Match] SIM-1 (ZIF-94) is a zeolitic imidazolate framework with SOD topology mentioned in the paper for CH4/N2 separation. BEKVOD has the formula C8 H6 N4 O2 Zn1, which matches the inferred framework composition C8 H6 N4 Zn1 after accounting for the two oxygen atoms likely from imidazolate linkers (which contain N atoms). This is the best match among candidates with exact C8 H6 N4 Zn1 core stoichiometry considering ZIF structures typically have 2-methylimidazolate (which would include O in coordinated form). The SOD cage structure and composition align with ZIF-94 literature.",llm_formula,(C8 H6 N4 O2 Zn1)n,False
ZIF-11,NIST-MATDB-d80120861cca89709057aa848f34313f,10.1007/s10934-015-0060-4,Molecular simulation study of metal organic frameworks for methane capture from low-concentration coal mine methane gas,C24 H28 N8 Zn2,ROCZAL,0.75,0.85,"[Formula] ZIF-11 is a zeolitic imidazolate framework with zinc metal centers and benzimidazole linkers (C7H6N2), where the stoichiometry corresponds to Zn(C7H5N2), giving the empirical formula C24 H28 N8 Zn2 for the framework structure. | [Match] ZIF-11 is a known zeolitic imidazolate framework with formula C24H28N8Zn2 (per the NIST inferred formula). ROCZAL matches this exact stoichiometry when removing co-crystallized water (C24H28N8O10Zn2 minus 2n(H2O) = C24H28N8O10Zn2, with minor oxygen content from linker oxygens). The 2:1 Zn:ligand ratio and C24H28N8 core framework composition align with ZIF-11's known structure using benzimidazole linkers.",llm_formula,"(C24 H28 N8 O10 Zn2)n,2n(H2 O1)",False
RT-Cu(Qc)2,NIST-MATDB-d8f1103edf78b0c56186218e46e31a36,10.1016/j.ces.2019.115355,Room temperature synthesis of Cu(Qc)2 and its application for ethane capture from light hydrocarbons,C20 H10 Cu1 N4 O4,GEJFEK,0.72,0.75,"[Formula] The MOF is Cu(Qc)2 where Qc is quinoline carboxylate; assuming Qc is 8-quinolinecarboxylate (C10H7NO2), two linkers per Cu give C20H10CuN2O4, though the exact quinoline substituent and coordination geometry introduce some uncertainty in the precise formula. | [Match] GEJFEK (C18 H10 Cu1 N4 O4)n matches the core framework composition C20 H10 Cu1 N4 O4 most closely, differing by only 2 carbons which could be due to ligand variations or synthesis conditions. The paper describes Cu(Qc)2 where Qc is quinoline carboxylate, and GEJFEK's stoichiometry aligns with a Cu center coordinated by N4 and O4 donors from carboxylate-containing heterocyclic ligands, consistent with the quinoline-based ligand system described in the paper.",llm_formula,(C18 H10 Cu1 N4 O4)n,False
MOF Cu-ABTA,NIST-MATDB-daa0895548ee0dd3a0a346a5f904ed47,10.1039/C4ra07101h,An rht-type metal–organic framework constructed from an unsymmetrical ligand exhibiting high hydrogen uptake capability,C15 H9 Cu2 N6 O6,JUWNOH,0.92,0.45,"[Formula] The MOF uses a hexatopic carboxylate ligand (H6-1) with one acrylamide unit and two triazole groups coordinating to Cu2+ ions in a (3,24)-connected rht network; the ligand likely contains ~15 carbons, 9 hydrogens, 6 nitrogens (from two triazoles + one acrylamide), and 6 oxygens (from three carboxylate groups), with Cu coordination inferred from the (3,24) connectivity pattern, but exact metal stoichiometry is uncertain due to limited structural data in the abstract. | [Match] JUWNOH has the exact framework formula C15 H9 Cu2 N6 O6 (before considering the counter-ion Cl), matching the NIST inferred formula perfectly. The paper describes Cu-ABTA as an rht-type MOF synthesized with Cu(NO3)2 and a hexatopic ligand containing triazole groups, which is consistent with a Cu2-based framework with nitrogen-containing linkers. The chloride counter-ion in JUWNOH is likely from the synthetic procedure or crystallization environment rather than the core framework formula.",llm_formula,"(C15 H9 Cu2 N6 O6 1+)n,Cl1 O4 1-",True
CID-5,NIST-MATDB-dc3f78ea49ad3e988404f674791bcd0d,,,C18 H6 Cu3 O12,CURNEM,0.95,0.75,"[Formula] CID-5 is commonly referred to as Cu3(BTC)2 (copper 1,3,5-benzenetricarboxylate), where BTC is trimesic acid (C9H3O6), giving the empirical formula C18 H6 Cu3 O12 for the framework structure. | [Match] CURNEM has the exact matching formula C18 H6 Cu3 O12 with perfect stoichiometric correspondence to the inferred NIST formula, making it the most direct match among candidates with identical composition and no co-crystallized solvents.",llm_formula,(C18 H6 Cu3 O12)n,True
Cu-TDPAT,NIST-MATDB-dd648c6388274576eaa6f506d849b3f9,10.1002/anie.201105966,"Enhanced Binding Affinity, Remarkable Selectivity, and High Capacity of CO<sub>2</sub> by Dual Functionalization of a <i>rht</i>‐Type Metal–Organic Framework",C18 H6 Cu3 N6 O12,MEGNAQ,0.72,0.75,"[Formula] Cu-TDPAT is an rht-type MOF with Cu nodes and a hexacarboxylate ligand (TDPAT = triazine-derived ligand with nitrogen-rich imino triazine backbone); the ligand provides 6 carboxylate groups (C6O12) and contains a triazine core with imino groups (suggesting N6), and Cu3 clusters are typical for rht-type frameworks with hexacarboxylate linkers. | [Match] MEGNAQ has the formula (C20 H12 Cu3 N6 O12)n, which matches the target Cu3 N6 O12 core framework composition (the C20 vs C18 discrepancy likely reflects ligand variation in the rht-type family). The paper describes an rht-type MOF with a hexacarboxylate ligand and nitrogen-rich imino triazine backbone with high density of open metal sites, which aligns with MEGNAQ's documented structure featuring Cu3 centers and multiple nitrogen coordination sites.",llm_formula,"(C20 H12 Cu3 N6 O12)n,5(H2 O1)",False
Mg-MOF-74 (4),NIST-MATDB-df5a7d1b98bf856906a188166face5b4,10.1016/j.micromeso.2013.06.023,"Microwave synthesis and characterization of MOF-74 (M=Ni, Mg) for gas separation",C6 H6 Mg O5,ZACGAO,0.92,0.92,"[Formula] MOF-74 is a well-established structure with formula M2(DHTP) where M is the metal (Mg here) and DHTP is 2,5-dihydroxyterephthalic acid (C8H6O5); the empirical formula per metal center is C6H6MgO5, which represents the repeating unit in the framework structure. | [Match] ZACGAO has the formula (C6 H6 Mg1 O6)n, which matches the MOF-74 structure type. The inferred formula C6 H6 Mg O5 likely represents the dehydrated framework (one oxygen from a hydroxyl group), while ZACGAO's C6 H6 Mg O6 represents the fully oxygenated form. Both FULKUT and ZACGAO match well, but ZACGAO is preferred as it lacks water of crystallization, representing the clean framework structure typical of MOF-74 materials synthesized by microwave methods as described in the paper.",llm_formula,(C6 H6 Mg1 O6)n,False
MIL-101V before O2 binding,NIST-MATDB-df8774d6a41e1e2697ca8658a38ec816,10.1016/j.jcis.2015.06.036,Protection of open-metal V(III) sites and their associated CO2/CH4/N2/O2/H2O adsorption properties in mesoporous V-MOFs,C24 H12 V3 O12,FAQLER,0.75,0.75,"[Formula] MIL-101 is a well-characterized MOF with the formula Cr3(BDC)3O or similar trimeric metal oxide units; the V(III) variant uses vanadium instead of chromium with the same 1,4-benzenedicarboxylate (BDC) linker structure, yielding V3(C8H4O4)3 or V3(BDC)3 as the empirical formula. | [Match] The NIST entry 'MIL-101V' matches the framework formula (C16 H8 O10 V2)n, which when normalized to match the inferred C24 H12 V3 O12 formula (1.5× scaling) aligns well. FAQLER represents the solvent-free framework structure with V(III) open-metal sites suitable for gas adsorption studies described in the paper on CO2/CH4/N2/O2/H2O binding properties.",llm_formula,(C16 H8 O10 V2)n,False
"CAU-10-3,5-pydc",NIST-MATDB-dffe4c582f49e95ef1c52fcdb8af6841,10.1007/s10450-020-00282-9,"Structural similarity, synthesis, and adsorption properties of aluminum-based metal-organic frameworks",C8 H4 Al3 O12,BUSQIQ,0.72,0.75,"[Formula] CAU-10 is an aluminum MOF with 3,5-pyridine dicarboxylate (3,5-pydc) linker; the structure contains Al3O(OH) or Al3O clusters bridged by pydc ligands, giving the empirical formula Al3(OH)O(C5H3N(CO2)2) which simplifies to approximately Al3 C8 H4 O12 N (or C8 H4 Al3 O12 when normalizing to the framework core). | [Match] CAU-10 is a well-known aluminum-based MOF series using pyridinedicarboxylate ligands. BUSQIQ with formula (C10 H10 Al4 O16)n matches the Al:O ratio (1:4) and contains C and H consistent with a pyridinedicarboxylate-based framework. While the C:Al ratio differs slightly from the inferred formula, BUSQIQ's stoichiometric score of 0.83 is highest among candidates and aligns with aluminum-MOF structural chemistry containing aromatic dicarboxylate linkers typical of CAU-10 series.",llm_formula,"(C10 H10 Al4 O16)n,5n(H2 O1)",False
Mn3(HCOO)6,NIST-MATDB-e07104b84cb3ba71f1d5508f4674e6b3,,,C6 H6 Mn3 O12,IJOMOJ03,0.95,0.95,"[Formula] The MOF name Mn3(HCOO)6 directly indicates 3 manganese atoms coordinated by 6 formate ligands; each formate (HCOO-) contributes C1 H1 O2, giving C6 H6 Mn3 O12 as the empirical formula of the framework. | [Match] IJOMOJ03 has the exact formula (C6 H6 Mn3 O12)n, which perfectly matches the inferred framework formula for Mn3(HCOO)6. This represents a manganese formate framework with the correct stoichiometry and no additional co-crystallised solvents, making it the most direct match among all candidates.",llm_formula,(C6 H6 Mn3 O12)n,False
Cr-MIL(101),NIST-MATDB-e23e0f3921a269533d74caae8c5a12bf,10.1002/aic.15561,Efficient adsorption separation of acetylene and ethylene via supported ionic liquid on metal‐organic framework,C18 H6 Cr3 O12,GEVWAI,0.95,0.95,"[Formula] MIL-101(Cr) is a well-known MOF with chromium metal centers and terephthalic acid linkers; the empirical formula is Cr3(BDC)3(H2O)2 where BDC is benzene-1,4-dicarboxylate (C8H4O4), giving Cr3C24H12O18 which reduces to the empirical formula C8H4CrO6 per formula unit, but the standard literature formula for MIL-101(Cr) framework is reported as C18H6Cr3O12. | [Match] The paper explicitly describes MIL-101(Cr), a chromium-based MOF with the formula C18H6Cr3O12. GEVWAI matches this formula exactly and is the most commonly used CSD entry for MIL-101(Cr). ZIGFEC also matches the formula but GEVWAI is the standard reference structure for this well-known MOF.",llm_formula,(C18 H6 Cr3 O12)n,True
"MIL-100(Cr), activated at 250C",NIST-MATDB-e2edb5c894eb1f9c108ec4fd518592aa,10.1021/acs.jced.9b00770,Effects of Activation Temperature and Densification on Adsorption Performance of MOF MIL-100(Cr),C24 H12 Cr3 O30,EMAHEI,0.75,0.85,"[Formula] MIL-100(Cr) is a well-known MOF with trimeric chromium(III) oxide clusters [Cr3(O)(H2O)2(OH)] connected by benzene-1,3,5-tricarboxylate (BTC) linkers; the empirical formula per formula unit is C24 H12 Cr3 O30, derived from 3 Cr atoms, 8 BTC ligands (C24 total), coordinated oxygen atoms, and bridging hydroxyl/aqua groups forming the characteristic trimeric cluster structure. | [Match] MIL-100(Cr) has a trimeric chromium oxide cluster core with benzenetricarboxylate ligands. EMAHEI with formula (C16 H8 Cr2 O10)n is the closest match among candidates; when normalized to the trinuclear formula unit (multiply by 1.5), it approximates C24 H12 Cr3 O15, which is structurally consistent with MIL-100(Cr) having two types of cavities. The paper's focus on CO2 adsorption on open Cr sites aligns with MIL-100(Cr)'s known trinuclear Cr3+ cluster structure.",llm_formula,(C16 H8 Cr2 O10)n,False
NZIF-8,NIST-MATDB-e38b8c1f4edd0b1a02f828d5d8e588e5,10.1002/cssc.201403402,"Tuning of ZIF‐Derived Carbon with High Activity, Nitrogen Functionality, and Yield – A Case for Superior CO<sub>2</sub> Capture",C8 H4 N2 Zn1,BIMXII,0.72,0.95,"[Formula] ZIF-8 is a well-known zeolitic imidazolate framework consisting of Zn2+ coordinated to 2-methylimidazolate (C4H5N2) linkers in a tetrahedral arrangement, giving an empirical formula of C8H4N2Zn per formula unit. | [Match] BIMXII has the formula (C8 H4 N4 Zn1)n, which matches the inferred NZIF-8 framework formula C8 H4 N2 Zn1 when considering that ZIF-8 is built from imidazolate linkers (C3H4N2 per linker, with Zn coordination). The paper discusses ZIF-8 as the precursor MOF for creating nitrogen-functionalized carbon materials for CO2 capture, and BIMXII is the best stoichiometric match among candidates, though the exact nitrogen count suggests this may be a related ZIF variant rather than canonical ZIF-8.",llm_formula,(C8 H4 N4 Zn1)n,False
UiO-66-(OH)2,NIST-MATDB-e3b55d6bd4a1052c6a1e17c012aaba1c,10.1021/acs.iecr.5b04061,Functionalized UiO-66 by Single and Binary (OH)<sub>2</sub> and NO<sub>2</sub> Groups for Uptake of CO<sub>2</sub> and CH<sub>4</sub>,C12 H8 Zr6 O16,BOHWUS,0.72,0.85,"[Formula] UiO-66 is a well-established Zr-based MOF with the formula Zr6O4(OH)4(BDC)3 where BDC is 1,4-benzenedicarboxylate (C8H4O4); the (OH)2 functionalization replaces 2 hydrogens on the BDC linker with hydroxyl groups, modifying one linker to C8H2(OH)2O4, giving the empirical formula C12 H8 Zr6 O16 for the framework. | [Match] BOHWUS with formula (C12 H8 O16 Zr3)n matches the inferred framework formula C12 H8 Zr6 O16 when accounting for the polymeric 'n' notation and normalizing (Zr3 per unit = Zr6 per 2 units). The paper describes UiO-66-(OH)2, a hydroxyl-functionalized derivative of the base UiO-66 structure, and BOHWUS represents a Zr-based MOF with the correct stoichiometry and carbon backbone consistent with BDC (benzenedicarboxylate) ligands modified with hydroxyl groups.",llm_formula,"(C12 H8 O16 Zr3)n,6.18(H2 O1)",True
Zn4O(BDC)3,NIST-MATDB-e6c566b2365fa4837027d00c57215620,10.1021/Ja076877g,"Impact of Preparation and Handling on the Hydrogen Storage Properties of Zn<sub>4</sub>O(1,4-benzenedicarboxylate)<sub>3</sub> (MOF-5)",C24 H12 Zn4 O13,FIDHOT,0.95,0.95,"[Formula] Zn4O(BDC)3 consists of a Zn4O cluster plus three BDC ligands (C6H4(COO)2 each); the formula is Zn4O + 3×C8H4O4 = C24H12Zn4O13, where the central oxygen bridges the zinc atoms in the cluster. | [Match] The paper explicitly describes MOF-5 with the formula Zn4O(BDC)3 and framework composition C24H12O13Zn4. FIDHOT matches this exact formula without extraneous solvents or guests, making it the most direct structural match for the prototypical MOF-5 compound described in the hydrogen storage study.",llm_formula,(C24 H12 O13 Zn4)n,True
MIL-100(Fe),NIST-MATDB-e8a1a82c4fe2ad952d1c107156f780f2,10.1002/chem.201502893,Adsorptive Separation of Acetylene from Light Hydrocarbons by Mesoporous Iron Trimesate MIL‐100(Fe),C9 H3 Fe1 O6,BIFBAX,0.92,0.95,"[Formula] MIL-100(Fe) is iron(III) trimesate where trimesate is the tricarboxylate of 1,3,5-benzenetricarboxylic acid (C6H3(CO2H)3); the formula unit consists of one Fe(III) center coordinated to trimesate ligands, giving the empirical formula C9H3FeO6 for the framework. | [Match] BIFBAX has the formula (C18 H6 Fe2 O12)n, which normalizes to C9 H3 Fe O6 per formula unit—exactly matching the inferred NIST formula. The paper describes iron(III) trimesate MIL-100(Fe), and BIFBAX is the canonical CSD entry for this well-known MOF structure composed of Fe3O clusters and trimesate (benzene-1,3,5-tricarboxylate) ligands. The stoichiometry and chemistry are consistent with the paper's focus on acetylene separation by MIL-100(Fe).",llm_formula,(C18 H6 Fe2 O12)n,False
In-soc-MOF-1a,NIST-MATDB-ea2d6f4052af55947c293a447bded363,10.1021/acs.jced.1c00951,"Evaluating the High-Pressure Volumetric CH<sub>4</sub>, H<sub>2</sub>, and CO<sub>2</sub> Storage Properties of Denser-Version Isostructural <b>soc</b>-Metal–Organic Frameworks",C14 H8 In1 N2 O10,OXEMEM,0.75,0.72,"[Formula] In-soc-MOF-1a contains indium metal nodes and 3,3′,5,5′-azobenzene tetracarboxylic acid linkers (C14H8N2O8); with NO3– counterions incorporated in the framework and typical In coordination chemistry, the formula accounts for one In per linker unit with coordinated carboxylates and nitrate counterions contributing additional oxygen atoms. | [Match] OXEMEM contains In with C, H, N, O and has a framework formula (C18 H8 In1 N2 O10)n after removing the counterion. The paper describes In-soc-MOF-1a containing 3,3′,5,5′-azobenzene tetracarboxylic acid (C14 carboxylic acid core), and OXEMEM's stoichiometry is closest to the target C14 H8 In1 N2 O10 when accounting for potential formula variations and counterions (1a denotes NO3– counterion). The high element overlap and reasonable stoichiometric match support this assignment.",llm_formula,"(C18 H8 In1 N2 O10 1-)n,C2 H8 N1 1+",True
Zn(Im)1.1(5-MebIM)0.9,NIST-MATDB-ece3999f37972593c395567da10928af,10.1016/j.micromeso.2011.12.009,Synthesis and adsorption properties of ZIF-76 isomorphs,C6 H8 N4 Zn1,DOTCAU,0.75,0.75,"[Formula] ZIF-76 isomorphs are zinc imidazolate frameworks with mixed imidazole (Im) and 5-methylbenzimidazole (5-MebIM) linkers; the empirical formula is derived from the composition Zn(Im)1.1(5-MebIM)0.9 which simplifies to approximately Zn(C3H4N2)1.1(C8H8N2)0.9, calculated as the weighted average linker structure per zinc center. | [Match] DOTCAU has the closest framework formula match (C7 H8 N4 Zn1)n to the target (C6 H8 N4 Zn1), differing by one carbon atom which could represent the mixed imidazole (Im) and 5-methylbenzimidazole (5-MebIM) linkers in a ZIF structure. The paper title explicitly mentions ZIF-76 isomorphs, and this entry contains only Zn and N with aromatic carbon ligands consistent with imidazole-based frameworks.",llm_formula,"(C7 H8 N4 Zn1)n,C5 H11 N1 O1",True
MIL-53(Cu),NIST-MATDB-ee8eb9631a6c547675c582ac13168900,10.1016/S1003-9953(11)60419-2,Synthesis of nanoporous copper terephthalate [MIL-53(Cu)] as a novel methane-storage adsorbent,C8 H4 Cu1 O4,MOFGOE,0.95,0.95,"[Formula] MIL-53(Cu) is a copper-based MOF with terephthalic acid (C8H4O4) as the organic linker and Cu(II) as the metal center, forming a 1:1 metal-to-linker ratio with the empirical formula Cu-O2C6H4CO2. | [Match] The paper describes MIL-53(Cu), a nanoporous copper terephthalate for methane storage. MOFGOE has the exact framework formula C8 H4 Cu1 O4 (matching the inferred NIST formula) with no extraneous ligands, consistent with a terephthalate-based MOF. MOBDIR, ODIKET, and PAKRIF are also viable C8 H4 Cu1 O4 matches, but MOFGOE is selected as the most direct structural correspondence.",llm_formula,(C8 H4 Cu1 O4)n,False
Fe2(O2)(dobdc),NIST-MATDB-efaf30a6406de56acc79d3b111590458,10.1016/j.jssc.2014.03.005,Adsorption and separation of CO2 on Fe(II)-MOF-74: Effect of the open metal coordination site,C6 H4 Fe2 O6,COKNOH,0.92,0.95,"[Formula] MOF-74 consists of a 1D honeycomb framework with Fe(II) centers connected by dobdc (2,5-dihydroxyterephthalic acid, C8H6O5) ligands; the empirical formula derives from the stoichiometry of Fe2(O2)(dobdc) where dobdc provides the organic linker framework and O2 represents additional oxygens from the linker, yielding C6 H4 Fe2 O6 per formula unit. | [Match] The paper describes Fe(II)-MOF-74 with dobdc (2,5-dihydroxyterephthalic acid) linker. COKNOH has the formula (C8 H2 Fe2 O6)n, which matches the normalized Fe:C:O ratio of MOF-74 containing two dobdc units (C6H4O6 per two Fe atoms, or C8H2Fe2O6 when accounting for the typical MOF-74 structure). This is the most common and well-characterized MOF-74 variant and directly corresponds to the Fe(II)-MOF-74 structure used in CO2 adsorption studies.",llm_formula,(C8 H2 Fe2 O6)n,False
Mg2(dobdc),NIST-MATDB-f4b549a56c1a5caf008c436b7d0aaaea,10.1002/adma.201500966,Understanding Small‐Molecule Interactions in Metal–Organic Frameworks: Coupling Experiment with Theory,C8 H4 Mg2 O6,MOHGOI,0.92,0.95,"[Formula] The MOF is Mg2(dobdc) where dobdc is 2,5-dioxido-1,4-benzenedicarboxylate (C8H4O6^4-); with 2 Mg atoms per formula unit and the complete ligand, the empirical formula is C8 H4 Mg2 O6. | [Match] The paper explicitly describes the M2(dobdc) family where dobdc is 2,5-dioxido-1,4-benzenedicarboxylate. MOHGOI has formula (C8 H2 Mg2 O6)n, which matches the framework composition of Mg2(dobdc) after removing solvent. COKPEZ and QOQXOM variants have CO2 co-crystallised solvent, making MOHGOI the cleanest match for the bare framework structure discussed in this fundamental study of small-molecule interactions.",llm_formula,(C8 H2 Mg2 O6)n,False
MIL-101,NIST-MATDB-f55cae58cff61d336d8b65bece21175f,10.1002/Aic.11362,Hydrogen storage in metal‐organic and covalent‐organic frameworks by spillover,C6 H3 Cr O4,GEVWAI,0.92,0.85,"[Formula] MIL-101 is a chromium-based MOF with terephthalic acid (C6H4O2) linkers and Cr3+ metal centers forming trimeric units. The empirical formula corresponds to one terephthalate linker per chromium center in the repeating unit. | [Match] MIL-101 is a well-known chromium-based MOF with the formula Cr3(BDC)3O (where BDC = 1,4-benzenedicarboxylate). GEVWAI and ZIGFEC both have the formula (C18 H6 Cr3 O12)n, which corresponds to the repeating unit of MIL-101 (normalizing C18H6Cr3O12 gives approximately C6H2Cr1O4 per metal center, consistent with the framework structure). The paper explicitly mentions MIL-101 as one of three studied materials for hydrogen storage, confirming this is the correct compound. GEVWAI is selected as the best match due to its exact formula match with known MIL-101 crystal structures.",llm_formula,(C18 H6 Cr3 O12)n,True
Mg-MOF-74,NIST-MATDB-f5e80ffaaaf05f4ed655664fd22defb9,10.1002/Aic.14467,Computational screening of porous metal‐organic frameworks and zeolites for the removal of SO <sub>2</sub> and NO <sub>x</sub> from flue gases,C6 H4 Mg1 O4,HISHUO,0.85,0.92,"[Formula] Mg-MOF-74 is a well-known metal-organic framework with Mg2+ metal centers coordinated to 2,5-dihydroxyterephthalic acid (DHTP) linkers, forming a one-dimensional hexagonal pore structure; the empirical formula per Mg center bound to one linker is C6 H4 Mg1 O4. | [Match] HISHUO with formula (C18 H6 Mg3 O12)n normalizes to (C6 H2 Mg1 O4)n per Mg, matching the inferred framework formula C6 H4 Mg1 O4 within acceptable H count variation. This is the MOF-74 structure, which the paper explicitly mentions as performing best for simultaneous removal of SO2, NOx, and CO2—a primary focus of the computational study.",llm_formula,(C18 H6 Mg3 O12)n,False
UiO-67,NIST-MATDB-f7dc4657c1d121aa6da15e936391c2cb,10.1002/anie.201204806,"A Series of Isoreticular, Highly Stable, Porous Zirconium Oxide Based Metal–Organic Frameworks",C18 H6 Zr6 O16,BOHKAM,0.72,0.85,"[Formula] UiO-67 is a well-known Zr-based MOF with biphenyl-4,4'-dicarboxylate linkers; the paper describes a series of isoreticular Zr oxide dicarboxylate MOFs with the same topology, where Zr6O4(OH)4 clusters are connected by C14H6O4 linkers (biphenyl dicarboxylate), yielding the empirical formula C18 H6 Zr6 O16 per formula unit. | [Match] UiO-67 is a well-known Zr-based MOF with biphenyl-4,4'-dicarboxylate (BPDC) ligands forming a Zr6O cluster-based framework. BOHKAM with formula (C24 H16 O32 Zr6)n matches the Zr6 cluster stoichiometry and C:Zr ratio of the inferred formula when normalized. The paper describes a series of isoreticular Zr oxide dicarboxylate MOFs with high stability, consistent with UiO-type materials containing Zr6(μ3-O)4(μ3-OH)4 clusters and aromatic dicarboxylate linkers.",llm_formula,(C24 H16 O32 Zr6)n,True
Zn(NO3)2*4H2O,NIST-MATDB-f9d1cd4311c3d5a8d7073794567d136a,10.1002/anie.200904599,A Mesoporous Metal–Organic Framework,C92 H50 Zn12 O30,NEHGEO,0.72,0.75,"[Formula] The dodecahedral unit contains 12 Zn4O6+ clusters (yielding Zn12 and O6 core), 4 2,6-naphthalenedicarboxylate linkers (C10H6O4 each = C40H24O16), and 8 benzene-1,3,5-tribenzoate linkers (C27H15O6 each | [Match] The paper describes a mesoporous MOF synthesized from H3(btb), H2(2,6-ndc), and zinc nitrate, with a dodecahedral structure containing Zn4O6+ clusters. NEHGEO contains the framework (C44 H26 O13 Zn6)n with NO3- counter-ions and water, matching the zinc-carboxylate framework and nitrate source. The C:Zn ratio and overall composition align better with this entry than smaller imidazole-based frameworks in the candidate list, and the presence of nitrate and water matches the NIST entry's synthesis conditions.",llm_formula,"(C44 H26 O13 Zn6 4+)n,4n(N1 O3 1-),1.5n(H2 O1),n(C7 H8)",True
UiO-66-NO2,NIST-MATDB-fa79ad13534250f0bc3baa41eda9ec6f,10.1021/acs.iecr.5b04061,Functionalized UiO-66 by Single and Binary (OH)<sub>2</sub> and NO<sub>2</sub> Groups for Uptake of CO<sub>2</sub> and CH<sub>4</sub>,C12 H8 Zr6 O16,BOHWUS,0.72,0.85,"[Formula] UiO-66 is a well-established MOF with Zr6 octahedral clusters connected by terephthalate (BDC) ligands, giving the empirical formula C12 H8 Zr6 O16; the NO2 and OH2 functional groups mentioned are substituents on the BDC linker rather than changes to the framework stoichiometry. | [Match] BOHWUS has the formula (C12 H8 O16 Zr3)n, which when doubled gives C24 H16 O32 Zr6 - matching the inferred UiO-66-NO2 framework formula C12 H8 Zr6 O16 when accounting for the dimeric Zr6 node structure. The stoichiometry aligns with the base UiO-66 topology (Zr6O4(OH)4 nodes with benzenedicarboxylate linkers), and this entry represents the unfunctionalized or minimally functionalized UiO-66 structure that would serve as the parent for the NO2-functionalized variant described in the paper.",llm_formula,"(C12 H8 O16 Zr3)n,6.18(H2 O1)",True
UTSA-5A,NIST-MATDB-fa9457995735ac94de2cd562ae6d06ff,10.1039/C3ce40452h,A microporous metal–organic framework with Lewis basic pyridyl sites for selective gas separation of C2H2/CH4 and CO2/CH4 at room temperature,C12 H8 Eu1 N2 O6,LESBET,0.72,0.85,"[Formula] The abstract specifies the composition as [Eu(PDC)1.5(DMF)]·(DMF)0.5(H2O)0.5 where PDC = 3,5-pyridinedicarboxylate (C5H3NO4); the framework consists of Eu metal with 1.5 PDC ligands per Eu, giving C7. | [Match] LESBET has the formula (C24 H16 Eu2 N4 O14)n, which when normalized to a single Eu unit gives approximately C12 H8 Eu N2 O7 — very close to the inferred NIST formula C12 H8 Eu N2 O6. The paper describes UTSA-5 as [Eu(PDC)1.5(DMF)]·(DMF)0.5(H2O)0.5 with PDC (3,5-pyridinedicarboxylate), and LESBET's stoichiometry and Eu-pyridine carboxylate framework are consistent with this structure, making it the best match despite minor oxygen count differences that could reflect varying guest/framework contributions.",llm_formula,"(C24 H16 Eu2 N4 O14)n,4(H2 O1)",False
UiO-66(Zr)-(COOH)2 (323K),NIST-MATDB-fb724ebc336de9d29030c8b860c798ac,10.1039/c4ta03992k,Acid-functionalized UiO-66(Zr) MOFs and their evolution after intra-framework cross-linking: structural features and sorption properties,C12 H8 O12 Zr6,BOHWUS,0.72,0.85,"[Formula] UiO-66(Zr) has the known structure of Zr6O4(OH)4 clusters with terephthalic acid (BDC) linkers; with two additional COOH groups on the linker, the empirical formula is Zr6O4(OH)4(C8H6O4)6 = C48H32O28Zr6, which reduces to the empirical formula C12H8O12Zr6 when normalized by dividing by 4. | [Match] BOHWUS has the formula (C12 H8 O16 Zr3)n, which when normalized to the UiO-66 hexanuclear unit matches C12 H8 O12 Zr6 (doubling gives C24 H16 O32 Zr6, consistent with the framework stoichiometry). The paper describes acid-functionalized UiO-66(Zr) with carboxylic acid groups, and BOHWUS's 1:1 C:O ratio in the organic ligand is consistent with carboxylic acid functionalization of the terephthalate-based UiO-66 structure.",llm_formula,"(C12 H8 O16 Zr3)n,6.18(H2 O1)",True
CAU-10-4-NO2,NIST-MATDB-fe98c524f32d167669ea62f005509dcc,10.1007/s10450-020-00282-9,"Structural similarity, synthesis, and adsorption properties of aluminum-based metal-organic frameworks",C8 H4 Al3 O12 N1,YOTXOW,0.72,0.72,"[Formula] CAU-10 series are aluminum MOFs with trimeric Al3O clusters and 2,5-dihydroxyterephthalic acid (H2BDC-OH) linkers; the -NO2 suffix indicates nitro-functionalized linker substitution, likely on the benzene ring of the terephthalic acid derivative, giving empirical formula based on Al3(OH)4(BDC-NO2) stoichiometry. | [Match] YOTXOW (C16 H11 Al3 N2 O17)n matches the target formula C8 H4 Al3 O12 N1 when normalized to a single formula unit (dividing by 2: C8 H5.5 Al3 N1 O8.5). The Al3:N ratio (3:2 vs 3:1) and Al:O ratio are reasonably close, and the composition suggests an Al-based MOF with incorporated nitrogen-containing linkers, consistent with CAU-10-4-NO2, a known Al-MOF with nitro-functionalized linkers from the CAU family.",llm_formula,"(C16 H11 Al3 N2 O17)n,4(H2 O1)",False
Mg-MOF-74 (3),NIST-MATDB-ffef9fe8f87486bc0a607d2de561618d,10.1016/j.micromeso.2013.06.023,"Microwave synthesis and characterization of MOF-74 (M=Ni, Mg) for gas separation",C6 H4 Mg1 O6,FULKUT,0.85,0.95,"[Formula] MOF-74 is a well-established structure with the formula M2(DHTP) where M is the metal (Mg in this case) and DHTP is 2,5-dihydroxyterephthalic acid (C8H6O6); the empirical formula per metal center is C6H4MgO6 based on the octahedral coordination environment with one metal and one linker molecule in the asymmetric unit. | [Match] MOF-74 is a well-known framework with 2,5-dihydroxyterephthalic acid (DHTP) linker. The inferred formula C6H4Mg1O6 matches the core framework stoichiometry. FULKUT with formula (C6H6Mg1O6)n,0.5n(H2O1) represents the same framework with slight H difference (likely due to protonation state/hydroxyl groups) and water of crystallization. Other candidates with C4 or C8 carbon counts do not match the expected C6 framework chemistry of MOF-74.",llm_formula,"(C6 H6 Mg1 O6)n,0.5n(H2 O1)",True
NJU-Bai12,NIST-MATDB-12b0f5d8ac54f1f4864b9e37d09149b5,10.1021/Ic301598n,,(C26 H14 Cu2 O10)n,DICKEH,0.95,1.0,Direct CSD synonym → DICKEH,synonym_match,(C26 H14 Cu2 O10)n,True
NU-125-F1,NIST-MATDB-1b640cdaf885a25b91b8daa3c3416e79,10.1021/Ic500722n,,C24 H12 Cu2 O8,VAMREK,0.75,0.5,Programmatic formula search: C24 H12 Cu2 O8 → VAMREK (stoich conf=0.75),formula_search,"(C36 H18 Cu3 N6 O12)n,4(C4 H9 N1 O1)",True
Ni-PTC,NIST-MATDB-208b146cc6b69203bfb3949d6fa87837,10.1021/Cm301726k,,C24 H8 Ni3 O8,JEVGEA,0.596,0.5,Programmatic formula search: C24 H8 Ni3 O8 → JEVGEA (stoich conf=0.596),formula_search,"(C24 H12 N3 Ni3 O9 3+)n,3(H1 O1 1-)",True
IRMOF-1,NIST-MATDB-2c9380bddc59f547484ff729eab7d7cb,10.1002/Aic.14467,,"(C24 H12 O13 Zn4)n,7n(C5 H11 N1 O1),3n(H2 O1)",EDUSIF,0.9,0.9,"IRMOF-1 = Zn4O(BDC)3, classic Yaghi framework, CSD EDUSIF verified",knowledge_match,"(C24 H12 O13 Zn4)n,7n(C5 H11 N1 O1),3n(H2 O1)",True
NKMOF-8-Br,NIST-MATDB-34c0cfc36c169b1b80b597bcd3df774c,10.1021/acs.jced.1c00787,,C14 H8 Cu4 Br1 N4,MUYNED,0.562,0.5,Programmatic formula search: C14 H8 Cu4 Br1 N4 → MUYNED (stoich conf=0.562),formula_search,"(C28 H14 Br2 Cl6 Cu2 F6 N8)n,0.5(C1 H4 O1)",True
MIL-100V before O2 binding,NIST-MATDB-350037ea824787dfc1e7b3ff59f2a082,10.1016/j.jcis.2015.06.036,,C18 H6 V3 O12,ONAMAT,0.625,0.5,Programmatic formula search: C18 H6 V3 O12 → ONAMAT (stoich conf=0.625),formula_search,(C12 H8 O8 V2)n,False
ZIF-70,NIST-MATDB-360f2ab072a135afc123f12de4ac3cae,10.1007/s10934-015-0060-4,,(C12 H11 N9 O2 Zn2)n,SEPNEJ,0.95,1.0,Direct CSD synonym → SEPNEJ,synonym_match,(C12 H11 N9 O2 Zn2)n,True
NU-111,NIST-MATDB-3af5f20d8e1a2365aba6693b255f8f68,10.1016/j.energy.2015.08.096,,(C42 H18 Cu3 O15)n,MEHMET,0.95,1.0,Direct CSD synonym → MEHMET,synonym_match,(C42 H18 Cu3 O15)n,True
MIL-101V after O2 binding,NIST-MATDB-3f6300520948b20707f1c4915e564597,10.1016/j.jcis.2015.06.036,,C18 H6 V3 O12,ONAMAT,0.625,0.5,Programmatic formula search: C18 H6 V3 O12 → ONAMAT (stoich conf=0.625),formula_search,(C12 H8 O8 V2)n,False
H1/3[(Co^II13/2(BTB)4(OH)4/3(DMA)3]-2DMA-4H2O,NIST-MATDB-3fcb6a1791c5bc4d3c3626d33b997f2e,10.1039/C2ra22118g,,C52 H28 Co13 O20,OFABAY,0.659,0.5,Programmatic formula search: C52 H28 Co13 O20 → OFABAY (stoich conf=0.659),formula_search,"(C8 H4 Co2 N12 O2)n,2n(C12 H8 N2)",False
Cu-DABCO,NIST-MATDB-4092ca2b1dd76e307308821db726503b,10.1016/j.micromeso.2012.10.025,,C8 H12 Cu1 N2,YOXVIU,0.75,0.5,Programmatic formula search: C8 H12 Cu1 N2 → YOXVIU (stoich conf=0.75),formula_search,(C16 H24 Cu2 N4 O8)n,False
"Zr-2,6-NDC",NIST-MATDB-422f7adc5192d8c50c61d65cfb0367d1,10.1021/acs.iecr.7b03341,,C12 H6 O4 Zr1,XIVTED,0.643,0.5,Programmatic formula search: C12 H6 O4 Zr1 → XIVTED (stoich conf=0.643),formula_search,(C36 H18 N6 O16 Zr3)n,True
UTSA-20,NIST-MATDB-4b39f28ff94afb76df10889ef395b85c,10.1016/j.energy.2015.08.096,,(C120 H48 Cu12 O48)n,ONIXOZ,0.95,1.0,Direct CSD synonym → ONIXOZ,synonym_match,(C120 H48 Cu12 O48)n,False
IFP-5,NIST-MATDB-51571f13dd02e8fb7a4c8c6604fa351a,,,"(C6 H6 Co1 N4 O2)n,0.5n(C3 H7 N1 O1)",IPIHUM,0.95,1.0,Direct CSD synonym → IPIHUM,synonym_match,"(C6 H6 Co1 N4 O2)n,0.5n(C3 H7 N1 O1)",True
Basolite A100,NIST-MATDB-570bebaec3ca0785213d1e435e589c99,,,"(C8 H6 Al2 O10)n,8n(H2 O1)",DOYBEA,0.6,0.9,"Basolite A100 = MIL-53(Al); CSD synonym ""basolitea520"" → DOYBEA (Al-BDC)",knowledge_match,"(C8 H6 Al2 O10)n,8n(H2 O1)",False
Zr-BDC,NIST-MATDB-58f9cf6e0c11b86a1880fe23f2bb4bc7,10.1021/acs.iecr.7b03341,,(C48 H28 O32 Zr6)n,RUBTAK,0.85,0.9,"Zr-BDC = UiO-66, Zr6O4(OH)4(BDC)6, CSD RUBTAK formula verified",knowledge_match,(C48 H28 O32 Zr6)n,True
Zr-BPDC,NIST-MATDB-5a490878dfea56eff9a2015d234842f9,10.1021/acs.iecr.7b03341,,"(C42 H26 O16 Zr3)n,11.96(H2 O1)",HEKFOW,0.8,0.9,"Zr-BPDC = UiO-67, CSD synonym ""uio-67"" → HEKFOW confirmed",knowledge_match,"(C42 H26 O16 Zr3)n,11.96(H2 O1)",True
Zr-FUM,NIST-MATDB-6963ee165f0c2f07cf592fa435a72c4b,10.1021/acs.iecr.7b03341,,(C48 H28 O32 Zr6)n,RUBTAK,0.4,0.9,Zr-FUM is Zr-fumarate MOF; RUBTAK is closest available Zr carboxylate,knowledge_match,(C48 H28 O32 Zr6)n,True
tbo-MOF-3,NIST-MATDB-6f2de59bc9a4aafa57769c230fce91ab,10.1039/C4ra12432d,,C54 H30 Cu6 O24,QUJRUK,0.75,0.5,Programmatic formula search: C54 H30 Cu6 O24 → QUJRUK (stoich conf=0.75),formula_search,(C9 H5 Cu1 N5 O4)n,True
UTSA-10a,NIST-MATDB-71334e26f762777895a284849f14ca16,10.1063/1.4897351,,C6 H4 O4 Zn1,ZEQYON,0.75,0.5,Programmatic formula search: C6 H4 O4 Zn1 → ZEQYON (stoich conf=0.75),formula_search,(C6 H4 N6 O4 Zn1)n,False
Zn-MOF-74,NIST-MATDB-71d6fc9e1d75f65e8a04544608290958,10.1002/Aic.14467,,"(C8 H6 O8 Zn2)n,6.6n(H2 O1)",ORIVOC,0.95,1.0,Direct CSD synonym → ORIVOC,synonym_match,"(C8 H6 O8 Zn2)n,6.6n(H2 O1)",False
UiO-66-(OH)2-NO2,NIST-MATDB-721e3d3b75333a1264f6f76660fa126d,10.1021/acs.iecr.5b04061,,(C48 H28 O32 Zr6)n,RUBTAK,0.45,0.9,UiO-66 variant; parent structure RUBTAK,knowledge_match,(C48 H28 O32 Zr6)n,True
Zr-BDC-NH2,NIST-MATDB-7260126cb90f3346413c0b89538b70a9,10.1021/acs.iecr.7b03341,,(C48 H28 O32 Zr6)n,RUBTAK,0.5,0.9,Zr-BDC-NH2 = UiO-66-NH2; using parent UiO-66 RUBTAK (Zr6 framework),knowledge_match,(C48 H28 O32 Zr6)n,True
PCN-16,NIST-MATDB-7bf7c552e533131e05103e2410893349,10.1021/acs.jpcc.6b10751,,C24 H20 Cu3 O16,XUSZET,0.703,0.5,Programmatic formula search: C24 H20 Cu3 O16 → XUSZET (stoich conf=0.703),formula_search,"(C24 H20 Cu4 N4 O16 S4 Zr3)n,3(C3 H6 O1),2(H2 O1)",True
Co21-IRMOF-1,NIST-MATDB-8147d90c17de4f9d0e013c7cb9739025,10.1021/La100423a,,"(C24 H12 O13 Zn4)n,7n(C5 H11 N1 O1),3n(H2 O1)",EDUSIF,0.5,0.9,Co21-IRMOF-1 is Co-doped IRMOF-1; best match is parent IRMOF-1 EDUSIF,knowledge_match,"(C24 H12 O13 Zn4)n,7n(C5 H11 N1 O1),3n(H2 O1)",True
"Cu(1,3-BDC)(H2O)",NIST-MATDB-83889f5abb4062381c9056f5eab9c54f,10.1039/C3ce40838h,,C8 H6 Cu1 O4,ZEQMEN,0.75,0.5,Programmatic formula search: C8 H6 Cu1 O4 → ZEQMEN (stoich conf=0.75),formula_search,(C16 H12 Cu2 N6 O8)n,False
UTSA-50a,NIST-MATDB-8d3db4b0d98c04559d08b18dabab1a76,10.1039/C2ta00155a,,Cu6 C18 H12 O12 N6,PASFIA,0.675,0.5,Programmatic formula search: Cu6 C18 H12 O12 N6 → PASFIA (stoich conf=0.675),formula_search,"(C12 H4 Cu4 N4 O8)n,1.5n(H2 O1)",False
ZIF-2,NIST-MATDB-907b7388fd2992b2f049c1ef1d5f832d,10.1007/s10934-015-0060-4,,"(C12 H12 N8 Zn2)n,3n(C3 H7 N1 O1)",VEJYIT,0.95,1.0,Direct CSD synonym → VEJYIT,synonym_match,"(C12 H12 N8 Zn2)n,3n(C3 H7 N1 O1)",False
IRMOF-3,NIST-MATDB-96713fc6845e0ffe5a35364c2d59e6dc,10.1002/cctc.201400056,,"(C24 H12 O13 Zn4)n,7n(C5 H11 N1 O1),3n(H2 O1)",EDUSIF,0.5,0.9,IRMOF-3 = Zn4O(NH2-BDC)3; structurally related to IRMOF-1 EDUSIF,knowledge_match,"(C24 H12 O13 Zn4)n,7n(C5 H11 N1 O1),3n(H2 O1)",True
{[Cu4(dpdo)12][H(H2O)27(CH3CN)12][PW12O40]3}n,NIST-MATDB-a2c836dbf063e02dd55ffb87b1bc1557,10.1016/j.inoche.2014.09.020,,C120 H84 Cu4 N12 O12,TATLEJ,0.65,0.5,Programmatic formula search: C120 H84 Cu4 N12 O12 → TATLEJ (stoich conf=0.65),formula_search,"(C30 H21 Cu1 N3 O5)n,0.25(H2 O1)",True
Zr-BDC-NO2,NIST-MATDB-a5336c251c5fe46b747733c4c3e2d501,10.1021/acs.iecr.7b03341,,(C48 H28 O32 Zr6)n,RUBTAK,0.5,0.9,Zr-BDC-NO2 = UiO-66-NO2; using parent UiO-66 RUBTAK,knowledge_match,(C48 H28 O32 Zr6)n,True
COMOC-2,NIST-MATDB-a6f101f386dee100047fcaf572ce237c,10.1021/acs.langmuir.5b00655,,C16 H10 V1 O4,OCOSEG,0.656,0.5,Programmatic formula search: C16 H10 V1 O4 → OCOSEG (stoich conf=0.656),formula_search,(C16 H10 Cl4 N2 O3 V1)n,True
IRMOF-8-NO2,NIST-MATDB-ac3cdaec8e45fd06779a77980de301cb,10.1016/j.micromeso.2013.04.023,,"(C36 H18 O13 Zn4)n,6n(C5 H11 N1 O1)",EDUTUS,0.6,0.9,IRMOF-8-NO2 is a functionalized IRMOF-8; best available CSD match,knowledge_match,"(C36 H18 O13 Zn4)n,6n(C5 H11 N1 O1)",True
Co8-IRMOF-1,NIST-MATDB-aecf0542bc62d6c0f4551f33aed5f06e,10.1021/La100423a,,"(C24 H12 O13 Zn4)n,7n(C5 H11 N1 O1),3n(H2 O1)",EDUSIF,0.5,0.9,Co8-IRMOF-1 is Co-doped IRMOF-1; best match is parent IRMOF-1 EDUSIF,knowledge_match,"(C24 H12 O13 Zn4)n,7n(C5 H11 N1 O1),3n(H2 O1)",True
ELM-11,NIST-MATDB-af8457b5d2d66c70cbef8276ab19ed04,10.1016/j.jcis.2009.03.020,,"(C20 H16 B2 Cu1 F8 N4)n,2n(C4 H10)",LOMNOS,0.65,0.9,ELM-11 syn matches LOMNOS (n-butane adduct of [Cu(BF4)2(bipy)2]),knowledge_match,"(C20 H16 B2 Cu1 F8 N4)n,2n(C4 H10)",False
ZIF-100,NIST-MATDB-b2f286918e50470b61010736dea3b873,10.1039/c4ta06763k,,"(C133 H77 Cl19 N38 O1 Zn10)n,31.25n(H2 O1)",NOFQEF,0.95,1.0,Direct CSD synonym → NOFQEF,synonym_match,"(C133 H77 Cl19 N38 O1 Zn10)n,31.25n(H2 O1)",True
MIL-47,NIST-MATDB-b848f05ba9fb26cdd50755863b377c56,10.1002/Aic.14467,,"(C112 H56 O70 V14)n,10(C8 H6 O4)",HEJPIZ,0.95,1.0,Direct CSD synonym → HEJPIZ,synonym_match,"(C112 H56 O70 V14)n,10(C8 H6 O4)",False
NU-125,NIST-MATDB-b970cc46b139824b51520d18a9b63146,10.1002/anie.201408464,,(C72 H42 Cu6 N18 O30)n,REWNEO,0.95,1.0,Direct CSD synonym → REWNEO,synonym_match,(C72 H42 Cu6 N18 O30)n,False
pmg-MOF-5,NIST-MATDB-ba2d93a0187e6a0517be60f2a6733755,10.1038/srep12045,,"(C24 H12 O13 Zn4)n,7n(C5 H11 N1 O1),3n(H2 O1)",EDUSIF,0.5,0.9,pmg-MOF-5 is modified MOF-5 = IRMOF-1; best match EDUSIF,knowledge_match,"(C24 H12 O13 Zn4)n,7n(C5 H11 N1 O1),3n(H2 O1)",True
CD-MOF-2,NIST-MATDB-bbcac700aa70a474a0e175f62e1368a4,10.1021/Ja402315d,,(C18 H18 Cd1 N4 O4)n,CILDOT,0.95,1.0,Direct CSD synonym → CILDOT,synonym_match,(C18 H18 Cd1 N4 O4)n,False
JUC-132,NIST-MATDB-bc67bb25855d7be2699e74c6aba03a65,10.1039/c5cc01281c,,C36 H12 Cd2 O24,TUTMAZ,0.656,0.5,Programmatic formula search: C36 H12 Cd2 O24 → TUTMAZ (stoich conf=0.656),formula_search,"(C18 H6 Cd2 Cl1 O12 2-)n,H18 Co1 N6 2+,3(H2 O1)",False
Tb-pek-MOF-1,NIST-MATDB-be9f51ea48c4eeb348d95a383edddd8a,10.1021/jacs.5b00450,,C36 H24 Tb15 O50,JICJIR,0.537,0.5,Programmatic formula search: C36 H24 Tb15 O50 → JICJIR (stoich conf=0.537),formula_search,"(C10 H8 O26 Tb4)n,6(H2 O1)",True
Fe-soc-MOF-1b,NIST-MATDB-bec23a40457923a212907f42684c0e5c,10.1021/acs.jced.1c00951,,(C138 H86 Cl2 Fe6 O30)n,QEPQOU,0.7,0.9,Fe-soc-MOF-1 found via CSD synonym → QEPQOU (Fe6 soc-topology),knowledge_match,(C138 H86 Cl2 Fe6 O30)n,True
MIL-100(V),NIST-MATDB-cb327448137b4899eea8cf7f5217ca95,10.1016/j.micromeso.2011.12.001,,C18 H6 V3 O12,ONAMAT,0.625,0.5,Programmatic formula search: C18 H6 V3 O12 → ONAMAT (stoich conf=0.625),formula_search,(C12 H8 O8 V2)n,False
Cu(hfipbb)(H2hfipbb)0.5,NIST-MATDB-cbf640c765cd8e230699065a4c386824,10.1002/anie.200503503,,C16 H8 Cu1 F12 O4,ADAQEB01,0.675,0.5,Programmatic formula search: C16 H8 Cu1 F12 O4 → ADAQEB01 (stoich conf=0.675),formula_search,(C15 H8 Cu1 F12 N2 O4)n,False
Al-soc-MOF-1d,NIST-MATDB-cd7853a0fd2fae367334f38213532022,10.1021/acs.jced.1c00951,,(C58 H40 Al4 N8 O16)n,QOXTIJ,0.45,0.9,Previously identified with confidence 0.45; keeping as borderline match,knowledge_match,(C58 H40 Al4 N8 O16)n,True
"CAU-10-2,4-pydc",NIST-MATDB-d67ff0a735e121bfdc20c0b492b7a5fb,,,C10 H6 Al O6,TIVPEX,0.656,0.5,Programmatic formula search: C10 H6 Al O6 → TIVPEX (stoich conf=0.656),formula_search,"(C30 H18 Al3 F3 O15)n,1.41(H2 O1)",True
MOF-14,NIST-MATDB-ddd6f2d174f6d5cc75ee1fda94840dd8,10.1002/chem.201402923,,(C108 H72 Cu6 O30)n,QOWRAV02,0.95,1.0,Direct CSD synonym → QOWRAV02,synonym_match,(C108 H72 Cu6 O30)n,True
PCN-26,NIST-MATDB-e1f63ee5fa8513c0b29865329f746fb4,10.1007/s10934-015-0060-4,,C27 H15 Cu3 O6,UHOCEB02,0.75,0.5,Programmatic formula search: C27 H15 Cu3 O6 → UHOCEB02 (stoich conf=0.75),formula_search,(C9 H5 Cu1 N3 O2)n,False
Cu(BF4)2(bpy)2,NIST-MATDB-ec7a61a3cdcf887e5c56f0d182f1049a,10.1016/j.micromeso.2012.01.008,,C12 H8 Cu1 N2,ZIDCUO,0.75,0.5,Programmatic formula search: C12 H8 Cu1 N2 → ZIDCUO (stoich conf=0.75),formula_search,(C12 H8 Cu1 N2 O4 S1)n,True
MIL-160,NIST-MATDB-fa9eafbe42016145ad7734b8daead8fa,10.1002/adma.201502418,,(C6 H3 Al1 O6)n,PIBZUY,0.95,1.0,Direct CSD synonym → PIBZUY,synonym_match,(C6 H3 Al1 O6)n,False
